DATE,DIFF
2455942.553,0.9974578
2455942.554,1.0024716
2455942.554,1.0012604
2455942.555,1.007712
2455942.555,1.0057987
2455942.556,0.9992283
2455942.556,1.0063195
2455942.557,1.0147148
2455942.557,1.0004073
2455942.558,1.0054115
2455942.558,0.9980341
2455942.559,0.9945996
2455942.559,1.0073317
2455942.56,0.9989101
2455942.56,0.9984562
2455942.56,1.0041604
2455942.561,1.0036872
2455942.561,0.9971698
2455942.562,0.9974244
2455942.562,0.9966314
2455942.563,1.0021246
2455942.563,0.9965265
2455942.564,0.9975845
2455942.564,1.0024533
2455942.565,0.995473
2455942.565,0.9926846
2455942.566,0.9941032
2455942.566,1.0015614
2455942.567,0.9982933
2455942.567,1.0000199
2455942.568,0.9931746
2455942.568,1.0020657
2455942.569,1.0000062
2455942.569,1.0017008
2455942.569,1.0005326
2455942.57,1.0012333
2455942.57,1.0104839
2455942.571,0.9912736
2455942.571,1.0000567
2455942.572,1.0034272
2455942.572,0.9973993
2455942.573,1.000975
2455942.573,1.0084032
2455942.574,0.9986642
2455942.574,1.0029828
2455942.575,0.9981458
2455942.575,0.9995839
2455942.576,0.9996575
2455942.576,1.0042707
2455942.576,1.0008669
2455942.577,1.0077249
2455942.577,1.0051798
2455942.578,0.9999938
2455942.578,1.009098
2455942.579,1.0048983
2455942.579,1.0121509
2455942.58,1.002759
2455942.58,0.9931547
2455942.581,1.0016319
2455942.581,0.9981195
2455942.582,1.0083325
2455942.582,1.0053305
2455942.583,0.9966403
2455942.583,0.9961058
2455942.584,0.9916926
2455942.584,1.0016234
2455942.585,0.9920788
2455942.585,1.0038635
2455942.585,0.9923629
2455942.586,0.9954623
2455942.586,1.0059394
2455942.587,0.9987135
2455942.587,0.9999106
2455942.588,1.0032538
2455942.588,0.9924933
2455942.589,1.0059039
2455942.589,0.9976416
2455942.59,0.9992613
2455942.59,0.999515
2455942.591,0.994226
2455942.591,1.006073
2455942.592,1.0067302
2455942.592,0.9924626
2455942.592,0.9998099
2455942.593,0.9972648
2455942.593,0.9912059
2455942.594,0.994903
2455942.594,0.9904266
2455942.595,1.0066264
2455942.595,1.0064573
2455942.596,0.9918356
2455942.596,0.9967962
2455942.597,0.9928053
2455942.597,1.0033962
2455942.598,0.9986921
2455942.598,0.9982091
2455942.599,0.9861774
2455942.599,0.9848478
2455942.599,0.9864211
2455942.6,0.9872679
2455942.6,0.9947996
2455942.601,0.9890416
2455942.601,0.9903808
2455942.602,0.9934037
2455942.602,0.9836048
2455942.603,0.9800227
2455942.603,0.9873131
2455942.604,0.9846563
2455942.604,0.9806966
2455942.605,0.9930131
2455942.605,0.980583
2455942.606,0.9804467
2455942.606,0.9871444
2455942.607,0.9965315
2455942.607,0.9825134
2455942.608,0.9729151
2455942.608,0.9829975
2455942.609,0.983051
2455942.609,0.9749853
2455942.61,0.9790859
2455942.61,0.9781598
2455942.61,0.978677
2455942.611,0.981621
2455942.611,0.9824335
2455942.612,0.9780121
2455942.612,0.9848818
2455942.613,0.9897763
2455942.613,0.9923968
2455942.614,0.9718323
2455942.614,0.9854012
2455942.615,0.9763638
2455942.615,0.9819535
2455942.616,0.98863
2455942.616,0.9744304
2455942.617,0.9675584
2455942.617,0.9808872
2455942.617,0.9882727
2455942.618,0.9776797
2455942.618,0.9756759
2455942.619,0.9803438
2455942.619,0.9702136
2455942.62,0.9779585
2455942.62,0.971907
2455942.621,0.9813635
2455942.621,0.9667775
2455942.622,0.9848107
2455942.622,0.9732552
2455942.623,0.9803795
2455942.623,0.9604952
2455942.624,0.9699895
2455942.624,0.970964
2455942.624,0.9690584
2455942.625,0.9735509
2455942.625,0.972826
2455942.626,0.976888
2455942.626,0.9680055
2455942.627,0.9745705
2455942.627,0.9732061
2455942.628,0.9734434
2455942.628,0.9762842
2455942.629,0.976487
2455942.629,0.965702
2455942.63,0.9757376
2455942.63,0.9768374
2455942.631,0.9773612
2455942.631,0.9797643
2455942.632,0.9728886
2455942.632,0.9834892
2455942.632,0.9688902
2455942.633,0.9779114
2455942.633,0.9754917
2455942.634,0.9620239
2455942.634,0.9747622
2455942.635,0.9715192
2455942.635,0.9843843
2455942.636,0.9693915
2455942.636,0.9726875
2455942.637,0.9733278
2455942.638,0.9729653
2455942.638,0.9797842
2455942.639,0.9711559
2455942.639,0.9725451
2455942.639,0.9772855
2455942.64,0.9814581
2455942.64,0.9796781
2455942.641,0.9789137
2455942.641,0.987369
2455942.642,0.9799958
2455942.642,0.9850233
2455942.643,0.9653646
2455942.643,0.9811481
2455942.644,0.9682808
2455942.644,0.9740145
2455942.645,0.9676568
2455942.645,0.9726523
2455942.646,0.9819638
2455942.646,0.9696317
2455942.647,0.9751682
2455942.647,0.973828
2455942.647,0.9740341
2455942.648,0.9767594
2455942.648,0.971556
2455942.649,0.9732529
2455942.649,0.9823459
2455942.65,0.972651
2455942.65,0.9776099
2455942.651,0.9716749
2455942.651,0.971291
2455942.652,0.9783786
2455942.652,0.9795763
2455942.653,0.9745413
2455942.653,0.961819
2455942.654,0.9806736
2455942.654,0.9784656
2455942.655,0.9716008
2455942.655,0.9803838
2455942.655,0.9779894
2455942.656,0.9682704
2455942.656,0.9724102
2455942.657,0.9702311
2455942.657,0.9637138
2455942.658,0.9747773
2455942.658,0.9780057
2455942.659,0.9588059
2455942.659,0.9733494
2455942.66,0.9665163
2455942.66,0.9757172
2455942.661,0.9658349
2455942.661,0.9784444
2455942.662,0.9811488
2455942.662,0.9650457
2455942.663,0.9709836
2455942.663,0.9685202
2455942.663,0.9729608
2455942.664,0.9732431
2455942.664,0.9663002
2455942.665,0.968427
2455942.665,0.9630541
2455942.666,0.9722413
2455942.666,0.983161
2455942.667,0.9774485
2455942.667,0.9776421
2455942.668,0.9859847
2455942.668,0.9854189
2455942.669,0.9612154
2455942.669,0.9863761
2455942.67,0.9699878
2455942.67,0.9759515
2455942.67,0.9750679
2455942.671,0.9758132
2455942.671,0.9842853
2455942.672,0.9807118
2455942.672,0.9838696
2455942.673,0.9822189
2455942.673,0.9787177
2455942.674,0.9706622
2455942.674,0.9836062
2455942.675,0.9792862
2455942.675,0.9884223
2455942.676,0.9727759
2455942.676,0.9830792
2455942.677,0.9804994
2455942.677,0.9700291
2455942.678,0.968216
2455942.678,0.9736339
2455942.678,0.9833495
2455942.679,0.977333
2455942.679,0.9740648
2455942.68,0.9631348
2455942.68,0.9696658
2455942.681,0.9709132
2455942.681,0.9747167
2455942.682,0.9751119
2455942.682,0.9823178
2455942.683,0.9711174
2455942.683,0.9729437
2455942.684,0.974781
2455942.684,0.974688
2455942.685,0.9732529
2455942.685,0.9718605
2455942.685,0.9857916
2455942.686,0.9639743
2455942.686,0.9731998
2455942.687,0.9699315
2455942.687,0.9754612
2455942.688,0.9784742
2455942.688,0.9826718
2455942.689,0.979033
2455942.689,0.9817268
2455942.69,0.9788203
2455942.69,0.9929329
2455942.691,0.9778772
2455942.691,0.9797594
2455942.692,0.9719517
2455942.692,0.9803177
2455942.692,0.9788986
2455942.693,0.9693192
2455942.693,0.9711599
2455942.694,0.9727797
2455942.694,0.97894
2455942.695,0.9844411
2455942.695,0.9842514
2455942.696,0.9739171
2455942.696,0.9769345
2455942.697,0.9893504
2455942.697,0.9729306
2455942.698,0.9807255
2455942.698,0.9845402
2455942.699,0.9759919
2455942.699,0.9860895
2455942.699,0.975859
2455942.7,0.9865488
2455942.7,0.9821313
2455942.701,0.9738483
2455942.701,0.9901533
2455942.702,0.9870452
2455942.702,0.9810824
2455942.703,0.9844851
2455942.703,0.9983471
2455942.704,0.9829481
2455942.704,0.9937543
2455942.705,0.9867851
2455942.705,0.9806985
2455942.706,0.9800164
2455942.706,0.9924757
2455942.707,0.9855679
2455942.707,0.9764862
2455942.707,0.9902128
2455942.708,0.9899354
2455942.708,0.9814996
2455942.709,1.0062525
2455942.709,0.9804801
2455942.71,0.976605
2455942.71,0.9821702
2455942.711,0.9901765
2455942.711,1.0037324
2455942.712,1.004731
2455942.712,0.9901808
2455942.713,0.9877794
2455942.713,0.9893411
2455942.714,0.9999135
2455942.714,0.9922071
2455942.714,0.9892631
2455942.715,0.9894906
2455942.715,0.9898299
2455942.716,0.9973954
2455942.716,1.0107943
2455942.717,0.9990833
2455942.717,0.9984405
2455942.718,1.0004767
2455942.718,0.9851357
2455942.719,0.9947902
2455942.719,0.9970346
2455942.72,1.0006085
2455942.72,0.9950444
2455942.721,1.0039733
2455942.721,0.996274
2455942.722,1.0062948
2455942.722,1.0126012
2455942.722,1.00433
2455942.723,1.0017238
2455942.723,1.0015384
2455942.724,1.0143687
2455942.724,1.0103981
2455942.725,1.0096728
2455942.725,0.9973768
2455942.726,0.9933053
2455942.727,1.0035862
2455942.727,1.0018746
2455942.728,0.9988294
2455942.728,1.0093416
2455942.729,1.0104133
2455942.729,1.0094541
2455942.729,1.0005981
2455942.73,0.999726
2455942.73,0.9976718
2455942.731,0.9969336
2455942.731,1.0115403
2455942.732,0.9951543
2455942.732,0.9952186
2455942.733,0.9914823
2455942.733,0.9946083
2455942.734,0.9988091
2455942.735,1.0045727
2455942.735,0.9980554
2455942.736,1.0151914
2455942.737,0.9954901
2455942.737,0.9997491
2455942.737,0.993734
2455942.738,0.9822679
2455942.738,1.0076797
2455942.739,1.0072278
2455942.739,0.9894857
2455942.74,0.9932028
2455942.74,1.0052991
2455942.741,0.9793415
2455942.741,0.9944056
2455942.742,1.0136372
2455942.742,0.982688
2455942.743,0.9959628
2455942.743,1.0038404
2455942.744,1.0035287
2455942.744,0.991577
2455942.744,1.0092448
2455942.745,0.9931384
2455942.745,0.9774286
2455942.746,0.9879049
2455942.746,0.9867441
2455942.747,1.0021152
2455942.748,1.0065809
