Day of year,-4.19,-12.57,-20.95,-29.33,-37.71,-46.09,-54.47,-62.85,-71.23,-79.61,-88,-96.38,-104.76,-113.14,-121.52,-129.9,-138.28,-146.66,-155.04,-163.42
1,10.1061,10.1196,10.1295,10.1337,10.1362,10.1381,10.1395,10.1406,10.1416,10.1425,10.1432,10.1439,10.1445,10.1451,10.1457,10.1462,10.1466,10.147,10.1474,10.1476
2,10.0194,10.0466,10.0542,10.0576,10.0597,10.0613,10.0625,10.0636,10.0644,10.0652,10.0659,10.0664,10.0669,10.0673,10.0674,10.0662,10.0645,10.0625,10.0602,10.0466
3,9.939,9.9739,9.9799,9.9827,9.9845,9.9858,9.987,9.9879,9.9886,9.9892,9.9897,9.9901,9.9905,9.9905,9.9875,9.9821,9.9718,9.9528,9.9327,9.8598
4,9.848,9.8877,9.8933,9.8959,9.8977,9.8989,9.8999,9.9007,9.9015,9.9021,9.9026,9.9029,9.9032,9.9029,9.8927,9.8606,9.8324,9.7868,9.7433,9.5961
5,9.7673,9.7898,9.7937,9.7958,9.7973,9.7984,9.7992,9.8,9.8006,9.8012,9.8017,9.802,9.8023,9.8022,9.7972,9.7646,9.7173,9.6605,9.6164,9.4446
6,9.6996,9.7195,9.7274,9.7305,9.7322,9.7338,9.7348,9.7356,9.7363,9.7368,9.7371,9.7374,9.7377,9.7378,9.7319,9.6856,9.637,9.5747,9.5322,9.3508
7,9.6793,9.6976,9.7047,9.7073,9.709,9.7106,9.7115,9.7122,9.7131,9.7136,9.714,9.7143,9.7145,9.7147,9.7148,9.7026,9.6657,9.6133,9.5658,9.4058
8,9.6907,9.7104,9.7147,9.7169,9.7179,9.7197,9.7203,9.7211,9.7214,9.7217,9.7222,9.7224,9.7228,9.7233,9.7236,9.724,9.7236,9.7138,9.6944,9.6249
9,9.6829,9.6912,9.6928,9.6936,9.6943,9.6948,9.6953,9.6957,9.6961,9.6964,9.6967,9.697,9.6973,9.6976,9.6978,9.6981,9.6983,9.6986,9.699,9.6965
10,9.6137,9.6259,9.6283,9.6293,9.63,9.6305,9.631,9.6313,9.6315,9.6317,9.632,9.6322,9.6323,9.6325,9.6327,9.6328,9.633,9.633,9.6327,9.6184
11,9.5689,9.5734,9.5791,9.5811,9.5822,9.5827,9.5829,9.5831,9.5816,9.5798,9.5781,9.5772,9.5765,9.5756,9.5749,9.5745,9.5739,9.5729,9.5611,9.4576
12,9.5541,9.5737,9.5765,9.5776,9.5782,9.5786,9.5788,9.5789,9.5732,9.5442,9.5325,9.5284,9.5263,9.5236,9.5214,9.5195,9.5191,9.5161,9.4811,9.2824
13,9.4962,9.5149,9.5171,9.5181,9.5188,9.5193,9.5197,9.5199,9.52,9.4984,9.4794,9.4752,9.4722,9.4677,9.464,9.4621,9.4596,9.4418,9.3595,9.0823
14,9.3832,9.4038,9.4062,9.4076,9.4084,9.4091,9.4096,9.4099,9.4102,9.4101,9.402,9.3987,9.3921,9.3891,9.386,9.3839,9.3732,9.3264,9.1895,8.8203
15,9.2761,9.2971,9.3039,9.3069,9.3087,9.3102,9.3113,9.3122,9.313,9.3136,9.3142,9.3146,9.3143,9.3139,9.3135,9.313,9.3064,9.2394,9.0703,8.6395
16,9.1924,9.2091,9.2154,9.219,9.2214,9.2229,9.2242,9.2254,9.2262,9.227,9.2277,9.2284,9.2289,9.2293,9.2297,9.2301,9.2303,9.2094,9.0483,8.6464
17,9.172,9.1893,9.1967,9.1997,9.2011,9.2028,9.2038,9.2045,9.205,9.2061,9.2064,9.2066,9.2069,9.2074,9.2079,9.2081,9.2081,9.2081,9.1458,8.822
18,9.1564,9.1908,9.1988,9.2025,9.2046,9.2063,9.2076,9.2088,9.2095,9.2104,9.2112,9.2121,9.2127,9.213,9.2134,9.2136,9.2139,9.2142,9.2076,9.0108
19,9.1481,9.1875,9.1935,9.196,9.1979,9.1995,9.2005,9.2017,9.2023,9.2029,9.2038,9.2049,9.2053,9.2058,9.2062,9.2066,9.2068,9.2071,9.2073,9.1466
20,9.1726,9.1904,9.1949,9.1979,9.1996,9.2005,9.2016,9.2022,9.2031,9.204,9.2045,9.2048,9.2053,9.2058,9.206,9.2064,9.2066,9.2071,9.2077,9.2057
21,9.1259,9.1387,9.1443,9.1476,9.1497,9.1512,9.1525,9.1535,9.1544,9.1552,9.156,9.1567,9.1573,9.1579,9.1584,9.1589,9.1594,9.1599,9.1605,9.1614
22,8.9794,9.0035,9.0089,9.012,9.0141,9.0156,9.0168,9.0178,9.0187,9.0195,9.0201,9.0208,9.0213,9.0218,9.0223,9.0228,9.0232,9.0236,9.0241,9.0247
23,8.7949,8.8107,8.8263,8.8331,8.8372,8.8402,8.8425,8.8445,8.8462,8.8478,8.8492,8.8504,8.8516,8.8527,8.8538,8.8548,8.8557,8.8567,8.8576,8.8587
24,8.6379,8.669,8.6822,8.6875,8.6909,8.6934,8.6954,8.6971,8.6985,8.6998,8.701,8.7021,8.7031,8.704,8.7049,8.7057,8.7065,8.7072,8.708,8.7088
25,8.5335,8.5731,8.578,8.5804,8.5821,8.5835,8.5846,8.5856,8.5863,8.5867,8.5869,8.5868,8.5867,8.5864,8.5861,8.5856,8.5851,8.5846,8.584,8.5833
26,8.4198,8.4547,8.4629,8.4665,8.4687,8.4704,8.4717,8.4728,8.4737,8.4745,8.4751,8.4756,8.4758,8.4757,8.4754,8.4748,8.4739,8.4725,8.4704,8.4681
27,8.3056,8.3594,8.3668,8.3701,8.3729,8.3745,8.3758,8.377,8.3784,8.3793,8.38,8.3807,8.3814,8.3821,8.3826,8.3831,8.3834,8.3834,8.3833,8.3831
28,8.2601,8.3144,8.3209,8.3234,8.3259,8.3272,8.3284,8.3295,8.3306,8.3314,8.3321,8.3326,8.3331,8.3335,8.3339,8.3343,8.3345,8.3346,8.334,8.3332
29,8.2674,8.3006,8.3045,8.3067,8.3082,8.3093,8.3101,8.3109,8.3114,8.3118,8.3119,8.3117,8.3116,8.3113,8.3105,8.3104,8.3096,8.3093,8.3085,8.3073
30,8.292,8.3136,8.316,8.3168,8.3176,8.3182,8.3184,8.3185,8.3185,8.3185,8.3181,8.3179,8.3172,8.3167,8.3164,8.3149,8.3136,8.3102,8.306,8.3021
31,8.2687,8.2996,8.3035,8.3054,8.3069,8.3081,8.3091,8.3097,8.3103,8.3108,8.3111,8.3115,8.3118,8.3117,8.311,8.3107,8.3093,8.3053,8.2964,8.2895
32,8.2688,8.2819,8.2829,8.2835,8.2836,8.2839,8.284,8.2838,8.2836,8.2835,8.2834,8.2831,8.2827,8.2823,8.2816,8.2808,8.2796,8.2756,8.2626,8.2564
33,8.1852,8.2151,8.2207,8.2228,8.2239,8.2247,8.2248,8.224,8.2229,8.222,8.2208,8.2194,8.2182,8.2167,8.2142,8.2103,8.2053,8.1975,8.1842,8.1755
34,8.1178,8.1645,8.1743,8.1783,8.1808,8.1829,8.1846,8.1857,8.1869,8.1877,8.1886,8.1894,8.19,8.1905,8.191,8.1913,8.1905,8.1868,8.1761,8.166
35,8.1677,8.1949,8.2099,8.2152,8.2185,8.2211,8.2229,8.2245,8.2257,8.227,8.2281,8.229,8.2299,8.2307,8.2314,8.2321,8.2327,8.2333,8.2338,8.2335
36,8.2035,8.2502,8.2554,8.258,8.2598,8.2614,8.2625,8.2634,8.2644,8.2651,8.2658,8.2663,8.2669,8.2676,8.2682,8.2689,8.2694,8.2699,8.2705,8.2712
37,8.1979,8.2345,8.2396,8.2421,8.2437,8.245,8.2461,8.247,8.2477,8.2484,8.249,8.2496,8.2501,8.2505,8.2509,8.2513,8.2517,8.252,8.2523,8.2513
38,8.0799,8.0907,8.0968,8.0986,8.0991,8.0987,8.0951,8.0932,8.0931,8.0934,8.0936,8.0938,8.0939,8.0939,8.0937,8.0932,8.0924,8.0914,8.0893,8.0849
39,7.8035,7.8235,7.826,7.8264,7.8256,7.8197,7.7762,7.74,7.7288,7.7234,7.7183,7.7123,7.7055,7.7006,7.6932,7.6876,7.6804,7.6745,7.6717,7.673
40,7.584,7.6125,7.6163,7.6182,7.6196,7.6198,7.6143,7.6026,7.5969,7.5909,7.5832,7.5754,7.5675,7.5619,7.5544,7.5502,7.5457,7.5421,7.5419,7.5407
41,7.4926,7.5152,7.5209,7.524,7.5263,7.5281,7.5293,7.5302,7.5309,7.5314,7.5318,7.5318,7.5314,7.5306,7.5289,7.5282,7.5275,7.5273,7.5278,7.5287
42,7.4188,7.4181,7.4133,7.4082,7.3857,7.3584,7.3404,7.3197,7.3091,7.3025,7.2983,7.2927,7.2849,7.2751,7.2697,7.2692,7.2697,7.2705,7.2719,7.2742
43,7.0625,7.065,7.0693,7.0744,7.0788,7.0796,7.0797,7.0756,7.0747,7.0741,7.075,7.0752,7.0741,7.0745,7.0758,7.0768,7.0779,7.0791,7.0805,7.0821
44,7.0341,7.0409,7.0533,7.0631,7.0685,7.0722,7.075,7.0773,7.0791,7.0807,7.082,7.0832,7.0842,7.0851,7.0859,7.0866,7.0872,7.0876,7.0878,7.0881
45,7.2382,7.278,7.2856,7.2888,7.2908,7.2923,7.2935,7.2944,7.2952,7.2959,7.2966,7.2971,7.2976,7.2981,7.2986,7.299,7.2994,7.2999,7.3004,7.3011
46,7.3983,7.4078,7.4159,7.4209,7.4248,7.4277,7.4299,7.4319,7.4334,7.4346,7.4358,7.4367,7.4377,7.4384,7.4391,7.4398,7.4405,7.4411,7.4418,7.4424
47,7.5013,7.5113,7.518,7.5228,7.5266,7.5295,7.5317,7.5333,7.5345,7.5355,7.5362,7.5365,7.5364,7.5359,7.5351,7.5338,7.532,7.5309,7.5305,7.5306
48,7.5528,7.5822,7.5869,7.5894,7.591,7.5923,7.5931,7.594,7.5946,7.5951,7.5959,7.5964,7.5969,7.5972,7.5969,7.5965,7.5968,7.597,7.5978,7.5991
49,7.5743,7.5891,7.5918,7.5929,7.5935,7.5938,7.5937,7.5938,7.5944,7.5949,7.5952,7.5954,7.5957,7.596,7.5964,7.5967,7.597,7.5974,7.5977,7.5983
50,7.5647,7.5823,7.5797,7.5788,7.5792,7.5797,7.5801,7.5802,7.5805,7.5808,7.5811,7.5814,7.5817,7.5819,7.5822,7.5824,7.5826,7.5828,7.5831,7.5835
51,7.5174,7.5375,7.5468,7.5504,7.5527,7.5544,7.5558,7.5566,7.5577,7.5586,7.5594,7.56,7.5604,7.5607,7.561,7.5618,7.5623,7.5629,7.5636,7.564
52,7.5512,7.548,7.5421,7.5418,7.5429,7.5438,7.5448,7.5453,7.546,7.5468,7.5473,7.5477,7.5481,7.5485,7.5488,7.5491,7.5494,7.5497,7.55,7.5504
53,7.5646,7.5852,7.562,7.5425,7.5399,7.5395,7.5393,7.5393,7.5392,7.5392,7.5393,7.5393,7.5394,7.5394,7.5395,7.5396,7.5397,7.5397,7.5399,7.5401
54,7.5862,7.547,7.5344,7.5276,7.5202,7.5175,7.5165,7.5164,7.5161,7.5161,7.5161,7.5161,7.5162,7.5162,7.5161,7.5161,7.516,7.516,7.5161,7.5162
55,7.5787,7.5391,7.4663,7.4564,7.4564,7.456,7.4555,7.4554,7.4552,7.455,7.4548,7.4546,7.4544,7.4542,7.4539,7.4536,7.4531,7.4521,7.4509,7.4512
56,7.3918,7.3818,7.3181,7.266,7.2597,7.2567,7.2545,7.2498,7.2471,7.2444,7.2411,7.2384,7.236,7.2334,7.2312,7.2296,7.2283,7.2281,7.2287,7.2302
57,7.2479,7.2045,7.0437,6.9671,6.9298,6.9145,6.904,6.8826,6.8709,6.8609,6.8486,6.842,6.8355,6.8296,6.8248,6.8213,6.8186,6.8154,6.8143,6.8159
58,6.9493,6.9433,6.816,6.6803,6.5849,6.5479,6.5229,6.487,6.4656,6.4454,6.4247,6.4128,6.4023,6.392,6.3842,6.3781,6.3743,6.3666,6.3592,6.3562
59,6.8702,6.8444,6.694,6.4722,6.3296,6.2661,6.2157,6.1738,6.1462,6.1213,6.0986,6.0865,6.077,6.0658,6.0572,6.05,6.0439,6.0357,6.0168,5.985
60,6.4087,6.4005,6.3886,6.3434,6.2575,6.0813,6.0123,5.9454,5.8957,5.8639,5.8439,5.8356,5.8321,5.8264,5.8222,5.8185,5.8144,5.8056,5.7475,5.6156
61,6.391,6.3778,6.3653,6.3628,6.3222,6.1932,6.1301,6.0449,5.9686,5.9329,5.9184,5.9107,5.9071,5.9048,5.9028,5.9013,5.8995,5.8841,5.7539,5.4315
62,6.5577,6.5725,6.5394,6.519,6.4888,6.4153,6.3769,6.3306,6.271,6.246,6.2399,6.2331,6.228,6.224,6.2202,6.2156,6.2069,6.1682,5.9806,5.4801
63,6.7028,6.7114,6.715,6.7129,6.7017,6.6403,6.5665,6.5218,6.4815,6.4678,6.4637,6.4588,6.4548,6.45,6.4435,6.4347,6.4205,6.3658,6.168,5.6108
64,6.7609,6.7788,6.7839,6.7854,6.7851,6.7501,6.6257,6.5417,6.5032,6.4995,6.4978,6.4951,6.4934,6.4921,6.4896,6.4866,6.4786,6.4371,6.2788,5.8192
65,6.8131,6.8232,6.8268,6.8271,6.8259,6.817,6.716,6.5885,6.5252,6.5186,6.5112,6.5074,6.5046,6.5028,6.5022,6.5012,6.5,6.4768,6.3579,6.0103
66,6.7422,6.7667,6.7728,6.7753,6.7765,6.7764,6.7243,6.592,6.5243,6.5041,6.4815,6.4707,6.4643,6.461,6.4586,6.4577,6.4572,6.452,6.3596,6.0706
67,6.8066,6.8095,6.8074,6.8036,6.7966,6.7879,6.7822,6.7191,6.6124,6.5383,6.5133,6.4956,6.4852,6.4761,6.4701,6.4681,6.4669,6.466,6.4045,6.167
68,6.8493,6.8506,6.8378,6.834,6.8308,6.8144,6.7778,6.7267,6.6465,6.584,6.5552,6.5359,6.5222,6.5081,6.4974,6.4932,6.4903,6.4878,6.4431,6.2312
69,6.8251,6.8303,6.8327,6.8333,6.8331,6.8314,6.8231,6.8049,6.7702,6.7293,6.7081,6.6906,6.6792,6.6655,6.6547,6.6489,6.6455,6.6395,6.598,6.4004
70,6.7427,6.7238,6.7096,6.7029,6.6983,6.682,6.6622,6.6204,6.6125,6.5915,6.5842,6.5794,6.5721,6.5611,6.5539,6.5467,6.5415,6.533,6.499,6.3208
71,6.4991,6.5291,6.5132,6.4969,6.4685,6.3944,6.3362,6.2754,6.2539,6.2301,6.2118,6.2048,6.1962,6.1845,6.1756,6.1648,6.1567,6.1462,6.1277,6.072
72,6.185,6.183,6.168,6.1552,6.1369,6.0866,6.0397,5.9731,5.9382,5.9039,5.8849,5.875,5.8655,5.8521,5.845,5.8373,5.8329,5.8303,5.8316,5.8348
73,5.7855,5.8117,5.7976,5.7913,5.7826,5.7561,5.735,5.6772,5.6422,5.6095,5.5897,5.5741,5.5679,5.5605,5.5582,5.555,5.551,5.5424,5.5358,5.5363
74,5.7515,5.7526,5.7332,5.7066,5.6702,5.6439,5.6147,5.5863,5.5624,5.5376,5.522,5.5096,5.5058,5.5016,5.4986,5.4938,5.4817,5.4508,5.4024,5.3897
75,5.7383,5.7397,5.7369,5.7317,5.7224,5.7137,5.6951,5.663,5.6351,5.6138,5.6033,5.5966,5.5956,5.5948,5.5922,5.5876,5.5726,5.5248,5.4213,5.3107
76,5.853,5.8573,5.8612,5.8634,5.8642,5.8642,5.864,5.8535,5.8403,5.8303,5.8227,5.8152,5.811,5.8093,5.8068,5.8029,5.791,5.7434,5.5998,5.3109
77,6.1417,6.1415,6.1379,6.131,6.1223,6.1129,6.0858,6.0641,6.0569,6.0473,6.0275,5.9693,5.9602,5.9585,5.9568,5.9549,5.9503,5.9092,5.7198,5.2804
78,6.2512,6.2165,6.1995,6.1941,6.1698,6.158,6.0883,6.0394,6.0323,6.003,5.9713,5.9042,5.9003,5.893,5.8794,5.869,5.8575,5.7943,5.5767,5.2534
79,6.2524,6.2097,6.143,6.1261,6.1055,6.0735,6.0223,5.9854,5.9608,5.9136,5.8765,5.8322,5.8267,5.8153,5.7889,5.7764,5.759,5.6842,5.4864,5.2812
80,6.3765,6.3119,6.183,6.1546,6.1383,6.1051,6.0502,6.0016,5.958,5.9004,5.86,5.822,5.8129,5.7985,5.7658,5.7531,5.7362,5.6707,5.4958,5.3373
81,6.4475,6.4439,6.3599,6.2542,6.1977,6.1602,6.1007,6.0458,5.9909,5.9255,5.8805,5.8429,5.8334,5.8201,5.7961,5.7875,5.7774,5.7311,5.5756,5.4017
82,6.5189,6.5327,6.5341,6.4897,6.2601,6.1838,6.1339,6.0883,6.0291,5.9597,5.9039,5.8628,5.8535,5.8415,5.8237,5.8178,5.8105,5.7724,5.6269,5.4574
83,6.6251,6.6184,6.6049,6.5942,6.3646,6.276,6.2363,6.1997,6.1452,6.0759,6.0073,5.9523,5.9364,5.9252,5.9124,5.9076,5.9026,5.8741,5.7527,5.6073
84,6.7416,6.7284,6.6789,6.6664,6.4892,6.3982,6.3527,6.3139,6.254,6.1801,6.1106,6.0593,6.0394,6.0299,6.0221,6.0178,6.0153,5.998,5.9071,5.7452
85,6.7713,6.7947,6.7347,6.7018,6.5482,6.4615,6.4148,6.3754,6.3143,6.2418,6.1715,6.1166,6.0927,6.0825,6.075,6.069,6.0665,6.0539,5.9811,5.8154
86,6.8395,6.8275,6.7892,6.7459,6.6285,6.551,6.505,6.466,6.4078,6.336,6.267,6.217,6.1945,6.1853,6.1797,6.1742,6.1716,6.1623,6.0995,5.9135
87,6.934,6.8938,6.8289,6.7872,6.7067,6.6417,6.6005,6.5603,6.5033,6.4307,6.3646,6.3152,6.2926,6.284,6.2788,6.2734,6.2704,6.2588,6.1903,5.9562
88,7.1047,6.9936,6.9019,6.811,6.747,6.6963,6.6598,6.6168,6.5588,6.4867,6.4254,6.3846,6.3656,6.356,6.3488,6.3407,6.3337,6.3119,6.224,5.9141
89,7.2695,7.1156,6.9243,6.8167,6.7582,6.7154,6.6798,6.6316,6.5659,6.492,6.436,6.4005,6.3836,6.3709,6.3589,6.3464,6.335,6.3058,6.2016,5.8014
90,7.3166,7.2149,6.9314,6.8012,6.7415,6.6956,6.6551,6.5961,6.522,6.4513,6.3982,6.3599,6.3391,6.3175,6.2965,6.277,6.2608,6.2284,6.1183,5.6712
91,7.4536,7.2916,6.9356,6.7831,6.7091,6.6465,6.5997,6.5359,6.4586,6.3915,6.3411,6.3025,6.2788,6.2501,6.2218,6.1977,6.1799,6.1494,6.0366,5.5567
92,7.2703,7.2463,6.8983,6.7443,6.6849,6.629,6.5113,6.4379,6.3574,6.29,6.2358,6.1899,6.1601,6.1225,6.0892,6.0637,6.0473,6.0194,5.8987,5.4114
93,6.9578,6.9551,6.9161,6.6881,6.634,6.6005,6.5096,6.4304,6.3346,6.2724,6.2195,6.1706,6.1392,6.1003,6.0696,6.0461,6.0296,5.9966,5.8563,5.3594
94,6.9487,6.9551,6.9594,6.945,6.8583,6.7248,6.633,6.5859,6.4242,6.3654,6.3196,6.2732,6.2437,6.21,6.1833,6.163,6.1462,6.1083,5.9592,5.4622
95,6.9712,6.9754,6.9823,6.9838,6.9835,6.9148,6.7619,6.7294,6.6162,6.5567,6.5191,6.4846,6.4609,6.4345,6.4126,6.3956,6.3801,6.3441,6.2061,5.7591
96,7.0048,7.0086,7.0047,6.9978,6.9965,6.9946,6.9424,6.8905,6.8278,6.782,6.7506,6.7253,6.7035,6.6809,6.6606,6.6448,6.6291,6.5974,6.4897,6.1123
97,6.8547,6.8439,6.8276,6.823,6.8198,6.8187,6.8179,6.8117,6.8002,6.7809,6.7647,6.7502,6.7359,6.7192,6.6985,6.6822,6.6628,6.6323,6.5261,6.0171
98,6.4168,6.4536,6.4581,6.4588,6.4595,6.4598,6.4594,6.4592,6.459,6.4588,6.4557,6.4473,6.4386,6.4276,6.4147,6.3997,6.3822,6.3543,6.2457,5.6982
99,6.2168,6.2256,6.2017,6.1764,6.1706,6.1698,6.1693,6.1674,6.1652,6.163,6.1594,6.1533,6.1486,6.1367,6.1286,6.1166,6.1059,6.0871,6.0015,5.5697
100,6.1011,6.0763,6.0501,5.9722,5.8693,5.8377,5.8344,5.8337,5.8329,5.8319,5.8298,5.8267,5.8251,5.8226,5.82,5.8127,5.8093,5.8014,5.7277,5.4366
101,5.8742,5.8588,5.8236,5.7327,5.6175,5.5531,5.5428,5.5355,5.5299,5.5263,5.5245,5.5237,5.5235,5.5232,5.5216,5.5187,5.513,5.4839,5.3679,5.2254
102,5.9456,5.9421,5.8588,5.6832,5.5853,5.5203,5.5133,5.5047,5.4956,5.4934,5.4928,5.4926,5.4923,5.4921,5.4907,5.4866,5.4686,5.4041,5.226,5.0867
103,6.0452,6.0574,5.9783,5.7961,5.7062,5.6728,5.6709,5.6689,5.6662,5.6651,5.6642,5.6632,5.6624,5.6617,5.6606,5.6563,5.6293,5.5458,5.3113,5.0316
104,6.3682,6.3142,6.2433,6.0647,5.9878,5.98,5.975,5.9737,5.9725,5.9715,5.9693,5.9669,5.9636,5.9603,5.9554,5.9462,5.9114,5.8134,5.5424,5.101
105,6.6065,6.5839,6.5671,6.3537,6.2647,6.2443,6.2277,6.2229,6.2203,6.2183,6.215,6.2107,6.2051,6.2001,6.1934,6.1806,6.1416,6.0311,5.7482,5.2196
106,6.8474,6.8043,6.7798,6.594,6.4756,6.4482,6.4211,6.4096,6.4032,6.3987,6.3936,6.3882,6.381,6.3729,6.3639,6.3478,6.3033,6.1906,5.9103,5.3208
107,7.2699,7.1608,7.0467,6.8411,6.6252,6.5799,6.5361,6.5134,6.4998,6.4904,6.4808,6.4717,6.4598,6.4463,6.4314,6.4099,6.3542,6.2366,5.9515,5.3332
108,7.5409,7.3264,7.1145,6.8923,6.7009,6.649,6.5947,6.5629,6.5468,6.5347,6.5233,6.5106,6.4958,6.4789,6.4614,6.4386,6.3808,6.2676,6.0057,5.3815
109,7.5464,7.4748,7.2556,6.9479,6.7974,6.7349,6.679,6.6405,6.6201,6.6062,6.5919,6.5775,6.56,6.5415,6.5235,6.4993,6.4448,6.3405,6.0802,5.4418
110,7.7179,7.6224,7.3418,6.9662,6.8168,6.745,6.6882,6.6478,6.6293,6.6166,6.6029,6.5875,6.5693,6.5519,6.5367,6.5111,6.4544,6.3478,6.0702,5.4496
111,7.8982,7.8511,7.4145,7.0074,6.8993,6.8284,6.7704,6.7294,6.7069,6.6923,6.6801,6.6688,6.6554,6.6437,6.6334,6.6144,6.5734,6.489,6.2516,5.7076
112,8.1467,8.0509,7.5273,7.1252,7.0366,6.9616,6.9023,6.8573,6.8293,6.811,6.7936,6.778,6.7623,6.7525,6.7444,6.7279,6.6954,6.6213,6.4017,5.7821
113,8.1809,8.163,7.6808,7.1732,7.0917,7.0132,6.9591,6.9094,6.8761,6.8476,6.8181,6.7922,6.7694,6.7567,6.7449,6.7209,6.6755,6.5797,6.3236,5.5752
114,8.2573,8.0892,7.7855,7.1976,7.0503,6.9182,6.859,6.7968,6.7568,6.7164,6.6791,6.6457,6.6152,6.5959,6.5777,6.548,6.4833,6.3611,6.0754,5.3071
115,8.5619,8.4384,8.015,7.2681,7.0055,6.814,6.7152,6.629,6.5758,6.5268,6.4881,6.4541,6.4221,6.4011,6.3818,6.3466,6.2628,6.1272,5.8367,5.1677
116,8.9415,8.586,8.0352,7.2655,6.9899,6.7856,6.6726,6.5828,6.534,6.4926,6.4612,6.4318,6.4042,6.3858,6.3641,6.3206,6.2344,6.0975,5.8049,5.1958
117,8.8925,8.8193,8.1946,7.3612,7.0725,6.8791,6.7655,6.6749,6.6247,6.5848,6.5526,6.5211,6.4931,6.4753,6.4523,6.4118,6.3324,6.1966,5.9168,5.329
118,8.7308,8.7144,8.3787,7.6023,7.2444,6.9749,6.8874,6.8149,6.7735,6.7382,6.7053,6.6709,6.6404,6.6188,6.594,6.5553,6.4838,6.3497,6.0808,5.4692
119,8.8112,8.7123,8.3637,7.6476,7.3541,7.05,6.9664,6.8883,6.8443,6.8037,6.7626,6.7198,6.6831,6.654,6.6236,6.5757,6.4981,6.3527,6.0734,5.4192
120,8.9934,8.8873,8.3261,7.5168,7.183,6.9704,6.8385,6.7286,6.6704,6.6283,6.5858,6.5433,6.5069,6.4756,6.4369,6.3758,6.2827,6.1089,5.8104,5.22
121,9.2557,9.1915,8.3965,7.5048,7.0593,6.8101,6.6086,6.4644,6.3869,6.3375,6.2952,6.258,6.2224,6.1893,6.141,6.0688,5.9616,5.7776,5.5217,5.1518
122,9.5413,9.4101,8.5024,7.5315,7.0614,6.8015,6.6257,6.4916,6.4122,6.3601,6.321,6.2912,6.2603,6.2286,6.1804,6.1065,5.9991,5.826,5.5827,5.215
123,9.9668,9.5628,8.6233,7.5856,7.1586,6.9058,6.7748,6.6575,6.5837,6.5363,6.4993,6.4681,6.4346,6.4008,6.3541,6.2838,6.1843,6.023,5.7829,5.3894
124,10.0555,9.8801,8.7178,7.6057,7.2182,6.9782,6.8846,6.792,6.7288,6.6882,6.654,6.6198,6.583,6.5471,6.5032,6.4395,6.3454,6.1913,5.9442,5.5314
125,10.1446,10.1224,8.8528,7.6491,7.2801,7.0333,6.9513,6.8719,6.8168,6.779,6.7434,6.7028,6.6611,6.6212,6.5765,6.5151,6.4241,6.2758,6.028,5.5859
126,10.2606,10.2622,8.9838,7.6702,7.2864,7.0411,6.9637,6.8958,6.845,6.808,6.773,6.732,6.69,6.6505,6.608,6.5506,6.4635,6.3199,6.0789,5.6219
127,9.6126,9.6003,9.4704,7.6327,7.3413,7.0947,7.0246,6.9665,6.9247,6.8898,6.8569,6.8183,6.781,6.7458,6.7066,6.6586,6.5861,6.4622,6.2476,5.7474
128,9.7577,9.6788,9.4275,7.6413,7.3305,7.1074,7.033,6.9642,6.9218,6.8745,6.8343,6.7914,6.7509,6.7121,6.6686,6.6152,6.5352,6.4026,6.1607,5.5633
129,9.8942,9.8453,9.3204,7.8201,7.3704,7.1177,6.9783,6.8678,6.7867,6.7139,6.6597,6.6136,6.5706,6.5304,6.4848,6.4196,6.3246,6.1656,5.909,5.4586
130,10.0486,9.926,9.4505,8.0447,7.4531,7.1541,6.9731,6.836,6.7298,6.6434,6.5817,6.533,6.4892,6.446,6.3938,6.3226,6.2273,6.0721,5.8556,5.5056
131,10.5311,10.0235,9.4455,8.1239,7.4901,7.1869,7.0094,6.8809,6.7855,6.7092,6.656,6.6128,6.5743,6.5373,6.4869,6.4166,6.3204,6.1774,5.9674,5.6302
132,10.5186,10.4335,9.9737,8.1883,7.4899,7.2027,7.0433,6.9282,6.8444,6.7767,6.731,6.6897,6.6511,6.6125,6.5593,6.4897,6.3953,6.2608,6.0592,5.7538
133,10.8493,10.6795,10.2405,8.4565,7.5757,7.2461,7.0749,6.9602,6.8769,6.8092,6.7611,6.7175,6.6765,6.6329,6.5766,6.5092,6.418,6.2896,6.0984,5.8172
134,11.4067,10.8306,10.1394,8.4682,7.5495,7.2339,7.0775,6.9789,6.9055,6.8428,6.7964,6.7528,6.7118,6.6675,6.6128,6.5506,6.4678,6.3458,6.1626,5.8815
135,11.8551,11.1402,10.2301,8.6994,7.6562,7.2723,7.1014,7.0019,6.9362,6.8778,6.8326,6.7914,6.7529,6.7112,6.6608,6.6041,6.5285,6.4131,6.2347,5.9583
136,11.9881,11.4566,10.1756,8.6753,7.6422,7.2685,7.1074,7.0128,6.9596,6.9074,6.8655,6.8287,6.7923,6.7533,6.7046,6.6511,6.5817,6.4721,6.3005,6.0327
137,11.8345,11.6636,10.6597,8.912,7.7723,7.3363,7.1475,7.0432,6.9943,6.9456,6.9058,6.8719,6.8364,6.799,6.7519,6.7021,6.6382,6.5362,6.3782,6.1047
138,11.0487,10.9334,10.7864,10.0335,8.1759,7.4152,7.1994,7.0899,7.0366,6.982,6.941,6.9065,6.8712,6.8346,6.7886,6.7411,6.6801,6.5854,6.4409,6.1214
139,11.4853,11.1676,10.8469,10.3186,8.7539,7.7048,7.3547,7.1745,7.0806,6.9976,6.9403,6.8897,6.8438,6.7964,6.7415,6.6871,6.6172,6.5127,6.3656,6.1033
140,11.742,11.4441,10.9122,10.3493,8.9957,8.0295,7.551,7.2951,7.146,7.0287,6.9511,6.8894,6.8315,6.7701,6.7084,6.6437,6.5681,6.4642,6.3367,6.1434
141,11.8116,11.7111,10.9216,10.3349,9.1038,8.1826,7.6885,7.4106,7.2082,7.0738,6.9959,6.9223,6.8516,6.7815,6.712,6.6394,6.5599,6.4633,6.3665,6.2427
142,12.0071,11.8657,11.1398,10.3399,9.1732,8.2716,7.7789,7.4657,7.244,7.1088,7.0278,6.9522,6.8775,6.8004,6.7285,6.6535,6.5756,6.4863,6.3932,6.3118
143,12.3703,12.0017,11.3064,10.3182,9.1329,8.2461,7.7788,7.4692,7.2608,7.1302,7.0469,6.9736,6.903,6.8262,6.7574,6.6838,6.6105,6.5214,6.4147,6.349
144,12.3931,12.2846,11.4488,10.3319,9.1,8.1922,7.7343,7.4356,7.2465,7.1288,7.0513,6.9846,6.9211,6.8559,6.7941,6.7251,6.6533,6.5614,6.4405,6.3719
145,12.4702,12.4193,11.707,10.432,9.1579,8.2259,7.7678,7.4652,7.2713,7.1504,7.0704,7.0042,6.9437,6.8858,6.8277,6.762,6.6895,6.5973,6.471,6.4015
146,12.7017,12.488,11.7829,10.453,9.2376,8.3398,7.8762,7.5488,7.3242,7.185,7.093,7.022,6.9614,6.9071,6.8491,6.7849,6.7133,6.6232,6.5005,6.4428
147,12.9935,12.636,11.8476,10.4466,9.2784,8.4246,7.96,7.6231,7.3837,7.2303,7.127,7.048,6.9813,6.9232,6.8635,6.8005,6.7305,6.6411,6.5346,6.4883
148,12.8312,12.7839,12.5132,10.2952,9.1301,8.3434,7.9155,7.6008,7.3741,7.231,7.1325,7.0562,6.9911,6.9318,6.8712,6.8125,6.7456,6.6602,6.5659,6.5135
149,13.1452,13.0789,12.5657,10.4372,9.0694,8.2674,7.8696,7.584,7.3687,7.2293,7.1337,7.059,6.9966,6.9367,6.8739,6.816,6.7515,6.6685,6.5755,6.5078
150,13.4596,13.2558,12.374,10.2796,8.871,8.0999,7.76,7.5067,7.3112,7.1873,7.1023,7.0359,6.9811,6.9269,6.8688,6.8139,6.7509,6.6685,6.5737,6.4887
151,13.746,13.4053,12.3002,10.3525,9.02,8.257,7.9121,7.6311,7.404,7.2607,7.162,7.0855,7.0256,6.9607,6.8934,6.8361,6.7758,6.6995,6.6163,6.5408
152,13.9856,13.6824,12.3486,10.5234,9.2068,8.4312,8.0265,7.7208,7.4688,7.3059,7.1967,7.1123,7.0471,6.9739,6.9013,6.842,6.783,6.7106,6.6323,6.5569
153,14.4909,13.7095,12.1144,10.2051,8.9915,8.2808,7.9077,7.6428,7.4239,7.2704,7.1682,7.0877,7.0269,6.9609,6.8866,6.8226,6.7606,6.6815,6.589,6.4746
154,14.953,13.9179,12.066,10.0953,8.9183,8.1919,7.7922,7.5355,7.3345,7.1942,7.1033,7.0331,6.979,6.9222,6.8546,6.7935,6.7313,6.6484,6.5463,6.4014
155,15.3339,13.8977,11.7587,9.894,8.8764,8.1745,7.7552,7.4995,7.3095,7.1752,7.0886,7.0222,6.9716,6.9195,6.8567,6.799,6.7388,6.6571,6.5527,6.3929
156,15.7798,14.2327,11.9579,10.1345,9.1559,8.3971,7.8869,7.5723,7.3565,7.2052,7.1079,7.0367,6.9839,6.9296,6.8673,6.8131,6.7562,6.6779,6.5767,6.416
157,16.1573,14.2805,11.8151,10.1431,9.2591,8.4935,7.9716,7.6364,7.4126,7.2551,7.1493,7.0716,7.0172,6.9577,6.8932,6.8414,6.7877,6.7125,6.6133,6.4611
158,16.77,14.602,11.9506,10.2642,9.3968,8.6064,8.0508,7.6783,7.4372,7.2755,7.1658,7.0873,7.033,6.9694,6.9076,6.862,6.8103,6.7371,6.6377,6.4854
159,17.074,14.8404,11.7753,10.1648,9.3016,8.5259,8.0089,7.6545,7.4257,7.2731,7.1677,7.0923,7.0382,6.974,6.916,6.8725,6.8191,6.7436,6.6404,6.4901
160,17.4845,15.0367,11.9303,10.2367,9.3285,8.5495,8.0285,7.6605,7.4277,7.2746,7.1677,7.0923,7.0366,6.9722,6.9205,6.8829,6.8301,6.755,6.6504,6.499
161,17.7182,14.9549,11.7818,10.187,9.2695,8.5088,8.0276,7.6716,7.4496,7.2966,7.1854,7.1054,7.0455,6.9786,6.9322,6.8983,6.8457,6.7695,6.6658,6.5254
162,18.0185,15.2079,12.1435,10.4213,9.4002,8.6235,8.1301,7.7589,7.5263,7.3601,7.2359,7.1441,7.0766,7.0055,6.9651,6.9397,6.889,6.8145,6.7088,6.5749
163,18.4532,15.3912,12.2388,10.4766,9.4097,8.6344,8.1446,7.7802,7.5549,7.3863,7.2592,7.1639,7.0941,7.0222,6.9828,6.9582,6.9049,6.8287,6.7227,6.5951
164,18.8377,15.5561,12.3813,10.5044,9.4224,8.6343,8.1385,7.7793,7.5566,7.3885,7.2617,7.1659,7.0971,7.0275,6.9886,6.9662,6.9132,6.8397,6.7317,6.587
165,19.1305,15.5366,12.3289,10.441,9.376,8.5902,8.0948,7.7489,7.5387,7.3774,7.2559,7.1631,7.097,7.0283,6.9878,6.9656,6.9099,6.8346,6.7255,6.5747
166,18.144,17.2957,12.6541,10.6691,9.5597,8.7506,8.2314,7.8674,7.638,7.4649,7.3332,7.2302,7.1571,7.0836,7.0397,7.0222,6.9665,6.892,6.7834,6.6262
167,17.9696,17.7447,12.3578,10.457,9.3809,8.6021,8.1034,7.7629,7.5483,7.3918,7.2779,7.1867,7.1248,7.0616,7.0102,6.9835,6.9237,6.8361,6.7222,6.4992
168,18.3476,17.5207,12.1891,10.1007,9.0135,8.2909,7.8477,7.5574,7.3749,7.2428,7.1517,7.0773,7.028,6.978,6.9263,6.8886,6.8298,6.738,6.6227,6.3746
169,18.7337,17.2875,11.962,9.9127,8.812,8.1173,7.6937,7.4282,7.2705,7.1602,7.0865,7.0259,6.9842,6.9407,6.8916,6.8501,6.7925,6.7027,6.5922,6.3462
170,19.1061,17.1672,12.3043,10.0489,8.8703,8.1687,7.7428,7.4622,7.2919,7.1737,7.0967,7.0334,6.9897,6.9458,6.8975,6.8585,6.8039,6.718,6.6178,6.3645
171,19.5446,17.1566,12.4462,10.35,9.1195,8.355,7.8981,7.5824,7.3824,7.2421,7.1517,7.0783,7.0285,6.9813,6.9334,6.8985,6.8479,6.765,6.6769,6.4132
172,19.9069,17.302,12.7811,10.5968,9.3758,8.5808,8.0818,7.7249,7.4905,7.3239,7.2153,7.1305,7.0731,7.022,6.9729,6.9394,6.8932,6.8128,6.7296,6.4562
173,20.2495,17.4162,12.9674,10.6578,9.4631,8.6428,8.1496,7.7833,7.5394,7.3618,7.2443,7.153,7.0913,7.0379,6.9895,6.9558,6.9112,6.8317,6.7485,6.4795
174,20.0845,18.1399,13.2765,10.7251,9.5207,8.7126,8.2313,7.856,7.6014,7.4082,7.2768,7.1762,7.1069,7.0488,7.0006,6.9652,6.919,6.842,6.7577,6.4965
175,20.3714,18.0089,12.971,10.6714,9.5227,8.7707,8.3242,7.9578,7.7121,7.5104,7.3653,7.2512,7.1709,7.1043,7.0538,7.0146,6.9652,6.8897,6.8045,6.5685
176,20.9449,18.2656,13.2115,10.8546,9.6549,8.9178,8.4509,8.0787,7.8266,7.6131,7.4537,7.3272,7.2358,7.1606,7.1059,7.0639,7.016,6.9423,6.8511,6.641
177,21.558,17.8617,12.9651,10.701,9.5411,8.8503,8.3958,8.0461,7.8108,7.6072,7.4561,7.3334,7.2421,7.1664,7.1105,7.0652,7.016,6.9416,6.8511,6.6741
178,21.875,17.9278,13.1818,10.8271,9.5829,8.8899,8.4344,8.085,7.8442,7.6391,7.4867,7.3621,7.2669,7.1895,7.1303,7.0827,7.0348,6.9611,6.8726,6.7259
179,21.4939,18.1142,13.21,10.8283,9.5268,8.8519,8.4069,8.0656,7.8312,7.6304,7.4825,7.3616,7.2679,7.1924,7.1319,7.0817,7.0326,6.9616,6.8768,6.7583
180,21.838,18.3016,13.1629,10.9145,9.5615,8.9024,8.4559,8.1187,7.8786,7.6758,7.5234,7.399,7.3026,7.2259,7.1628,7.1107,7.0613,6.9938,6.9126,6.8268
181,22.4044,18.4745,13.2567,10.9925,9.6389,8.9659,8.5042,8.1684,7.9232,7.7206,7.566,7.4401,7.3417,7.2639,7.1986,7.1433,7.0911,7.025,6.9496,6.8973
182,22.8499,18.5493,13.4111,11.0553,9.6866,9.004,8.5384,8.2037,7.9517,7.7482,7.5929,7.4665,7.3676,7.2894,7.223,7.1644,7.112,7.0466,6.974,6.9376
183,23.2345,18.6455,13.5459,11.083,9.6765,8.9689,8.4966,8.168,7.9213,7.7267,7.5793,7.4587,7.364,7.2888,7.2242,7.1657,7.112,7.047,6.9773,6.9359
184,23.6377,18.6691,13.6106,11.0569,9.6223,8.9201,8.4619,8.1468,7.9052,7.714,7.57,7.4523,7.36,7.2861,7.2218,7.163,7.1101,7.0456,6.9765,6.9189
185,23.9503,18.6217,13.6475,11.1222,9.642,8.9069,8.4416,8.1316,7.8923,7.7056,7.5664,7.4523,7.3621,7.291,7.2282,7.1706,7.1179,7.0533,6.9858,6.9035
186,24.14,18.7558,13.6304,11.1294,9.6198,8.897,8.4452,8.1426,7.9055,7.7175,7.5767,7.4606,7.3674,7.2957,7.2326,7.176,7.1256,7.0618,6.9945,6.8669
187,24.4979,18.6679,13.5842,11.2266,9.6707,8.9268,8.4613,8.1456,7.9029,7.7101,7.5689,7.4532,7.3599,7.2885,7.2255,7.173,7.1247,7.0575,6.9885,6.8179
188,24.9919,18.726,13.6216,11.1473,9.5301,8.8366,8.3974,8.0921,7.8581,7.6686,7.5301,7.4173,7.3264,7.2559,7.1935,7.143,7.0967,7.0293,6.9645,6.7452
189,25.4151,18.6709,13.7074,11.3076,9.6382,8.9225,8.4516,8.1202,7.8676,7.6706,7.5285,7.4152,7.3239,7.2523,7.1883,7.1368,7.0904,7.023,6.9603,6.7223
190,25.15,18.369,13.4919,11.2972,9.6199,8.9712,8.5051,8.1788,7.9288,7.7336,7.5921,7.4788,7.3845,7.309,7.2414,7.1849,7.1373,7.0736,7.0226,6.7568
191,25.2782,18.6665,13.346,11.1888,9.611,8.9664,8.4902,8.1504,7.8977,7.6984,7.5595,7.4516,7.3639,7.2915,7.2265,7.1716,7.1209,7.0554,6.9983,6.6946
192,25.9289,18.9217,13.3709,11.0446,9.426,8.8118,8.336,8.012,7.7785,7.5976,7.47,7.3706,7.293,7.2287,7.1706,7.1202,7.0703,7.0041,6.9459,6.6188
193,26.1569,19.4039,13.2954,10.921,9.3375,8.8131,8.321,8.0052,7.766,7.5892,7.456,7.3538,7.2753,7.2129,7.1566,7.108,7.0586,6.9918,6.9418,6.6101
194,26.4018,20.5476,13.7182,11.2176,9.4976,8.9785,8.4533,8.1792,7.918,7.7489,7.6011,7.4863,7.3924,7.3178,7.2517,7.1941,7.1401,7.0728,7.0395,6.7193
195,26.0489,21.7551,14.0436,11.5842,9.9113,9.1488,8.6823,8.3922,8.1231,7.9444,7.787,7.6668,7.5647,7.4816,7.4103,7.349,7.2921,7.2225,7.1868,6.9298
196,26.2376,21.8178,14.4232,11.9735,10.2422,9.3378,8.8403,8.5089,8.2508,8.0573,7.9001,7.7783,7.679,7.5987,7.5342,7.479,7.4223,7.3545,7.302,7.1288
197,26.6205,21.9292,14.8032,12.2308,10.4091,9.5178,8.9005,8.5633,8.2966,8.1025,7.9471,7.8227,7.7246,7.6494,7.593,7.5409,7.4854,7.4223,7.3666,7.253
198,26.6528,22.0897,15.051,12.4089,10.5439,9.6218,8.9392,8.58,8.2928,8.0963,7.941,7.8199,7.7244,7.652,7.5982,7.545,7.4912,7.4313,7.376,7.3036
199,26.5159,22.1349,15.0576,12.4014,10.5863,9.6673,8.9826,8.6048,8.3107,8.1122,7.9549,7.8336,7.7384,7.6646,7.6109,7.5577,7.5051,7.4491,7.3996,7.3436
200,26.543,21.8117,14.8483,12.294,10.5609,9.6644,9.0002,8.6245,8.333,8.1358,7.979,7.8586,7.7654,7.6919,7.638,7.5863,7.536,7.4837,7.4395,7.379
201,26.8901,21.6847,14.6401,12.1662,10.5499,9.6901,9.0529,8.6806,8.3936,8.1956,8.0369,7.9129,7.8146,7.7385,7.6807,7.6278,7.5753,7.5206,7.4733,7.3729
202,27.2584,21.5804,14.5362,12.0966,10.5173,9.6777,9.0588,8.6956,8.4149,8.2135,8.0484,7.9158,7.8094,7.7255,7.659,7.6018,7.5485,7.4904,7.4364,7.2361
203,27.5794,21.4617,14.3276,11.9789,10.4434,9.6456,9.0481,8.6753,8.3897,8.1763,8.0023,7.8617,7.7487,7.6583,7.5841,7.5264,7.4752,7.4155,7.3622,7.031
204,27.9921,21.5779,14.1683,11.8908,10.3405,9.5599,8.973,8.592,8.303,8.0859,7.9118,7.7743,7.6656,7.5796,7.5105,7.4617,7.4156,7.357,7.305,6.8796
205,28.2356,21.7141,14.0989,11.8609,10.3148,9.5318,8.9421,8.5447,8.251,8.0314,7.86,7.7239,7.6205,7.5409,7.4812,7.4407,7.3988,7.3384,7.2849,6.8045
206,28.3837,21.6863,13.9303,11.7273,10.2122,9.4318,8.8429,8.4522,8.1715,7.9669,7.8082,7.6824,7.5897,7.5171,7.4678,7.4294,7.3876,7.3228,7.2739,6.7824
207,26.946,21.8526,14.012,11.7507,10.2957,9.4695,8.8667,8.4678,8.1867,7.9831,7.8233,7.697,7.6037,7.5307,7.4831,7.4481,7.4113,7.3474,7.3125,6.8062
208,27.0265,22.0994,14.1964,11.8009,10.4209,9.5877,9.0031,8.6047,8.3193,8.1105,7.9422,7.8051,7.7009,7.6183,7.5648,7.5285,7.4953,7.4363,7.4071,6.8888
209,27.2045,22.2588,14.6836,11.9986,10.5819,9.7155,9.1233,8.7105,8.413,8.1924,8.015,7.8688,7.7574,7.674,7.6222,7.5878,7.5582,7.499,7.4672,6.9452
210,27.394,22.3231,14.7816,11.9449,10.5135,9.68,9.106,8.6975,8.4017,8.1836,8.0108,7.8691,7.7637,7.6856,7.6402,7.6047,7.5687,7.4993,7.4468,6.9143
211,27.8245,22.4255,14.9701,12.0947,10.5234,9.6529,9.0615,8.6466,8.3496,8.135,7.9715,7.8418,7.7515,7.6859,7.6451,7.6042,7.5607,7.4832,7.3999,6.8424
212,28.2815,22.578,15.1364,12.0791,10.49,9.6133,9.0147,8.6086,8.3211,8.1146,7.9612,7.8446,7.7653,7.7057,7.6622,7.6125,7.5598,7.4742,7.3674,6.7788
213,28.4273,22.5567,15.2744,12.1078,10.4599,9.5515,8.9391,8.5536,8.2835,8.0897,7.95,7.8444,7.7711,7.7144,7.663,7.6063,7.5466,7.4531,7.3496,6.7495
214,28.5583,22.5187,15.3034,12.0225,10.3853,9.495,8.8957,8.5253,8.2615,8.0691,7.9305,7.8269,7.7516,7.6921,7.6359,7.5742,7.5117,7.4191,7.3397,6.7485
215,28.7995,22.2908,15.1546,11.8936,10.3099,9.4362,8.8591,8.5067,8.253,8.062,7.9211,7.8155,7.7336,7.668,7.61,7.5459,7.4858,7.3943,7.3461,6.7724
216,29.1509,22.6041,15.4038,11.9952,10.4097,9.5102,8.9202,8.5515,8.2864,8.0856,7.9368,7.8246,7.7405,7.6709,7.6106,7.5469,7.4889,7.401,7.3716,6.8039
217,29.1104,22.5772,15.248,12.0008,10.4433,9.5549,8.9708,8.6073,8.3431,8.1352,7.9793,7.8592,7.7701,7.6952,7.6323,7.5674,7.51,7.4221,7.3931,6.8267
218,29.3726,22.8816,15.3948,12.2604,10.5912,9.6357,9.0283,8.6523,8.3804,8.1673,8.0079,7.8839,7.7923,7.7147,7.6487,7.5848,7.5277,7.4416,7.4033,6.8328
219,29.4132,22.7789,15.2797,12.3329,10.6448,9.67,9.0619,8.6821,8.4094,8.1945,8.0303,7.9011,7.8063,7.7272,7.6609,7.5959,7.5402,7.4548,7.4136,6.8372
220,29.4743,22.6124,15.3898,12.5541,10.7697,9.7196,9.0895,8.701,8.4262,8.2125,8.0446,7.9137,7.8162,7.7374,7.6713,7.6052,7.5509,7.4676,7.4274,6.845
221,29.3551,22.4853,15.3735,12.5289,10.8012,9.7696,9.1362,8.7417,8.4638,8.2457,8.0723,7.9367,7.8351,7.7533,7.6856,7.6179,7.5638,7.4823,7.449,6.8589
222,29.2264,22.5388,15.5496,12.6296,10.8851,9.8046,9.1657,8.7759,8.4999,8.28,8.1077,7.9725,7.8686,7.7821,7.7114,7.6411,7.5854,7.5033,7.4721,6.8784
223,28.8356,23.1409,15.8904,12.7769,11.0236,9.9227,9.2635,8.8621,8.5762,8.3457,8.1655,8.0241,7.9152,7.8232,7.7472,7.6736,7.6153,7.5321,7.4997,6.8972
224,28.4546,23.6268,16.067,12.8724,11.0106,9.8928,9.2545,8.8587,8.5741,8.3467,8.1686,8.0273,7.9169,7.8227,7.7427,7.6665,7.6049,7.521,7.4844,6.8824
225,27.8589,23.9966,15.9898,12.829,10.9469,9.8521,9.2457,8.8539,8.5686,8.3438,8.1691,8.0284,7.9165,7.8216,7.7385,7.6597,7.5966,7.5135,7.4785,6.8768
226,27.995,24.2941,16.4661,12.9556,10.9997,9.8852,9.2847,8.8862,8.5998,8.375,8.2008,8.0582,7.942,7.8425,7.7559,7.6715,7.6049,7.522,7.4852,6.8813
227,27.819,24.2202,16.7944,12.9895,10.9767,9.8995,9.2972,8.8945,8.6087,8.3845,8.2111,8.0695,7.9534,7.8541,7.7681,7.684,7.6164,7.5348,7.5066,6.909
228,26.9748,24.7053,17.1696,13.0579,11.0321,10.0309,9.4064,8.9801,8.6854,8.4551,8.2753,8.1266,8.007,7.9058,7.8181,7.7343,7.6639,7.5825,7.5613,6.9717
229,26.5625,24.8974,17.0787,13.1595,11.2561,10.3024,9.6286,9.1483,8.8307,8.588,8.4017,8.2405,8.1128,8.0073,7.9157,7.8311,7.7573,7.674,7.6473,7.1316
230,26.4941,24.7467,17.5727,13.5874,11.712,10.6412,9.9011,9.3948,9.0485,8.7893,8.5978,8.4292,8.2918,8.1751,8.0758,7.9854,7.9029,7.8133,7.7539,7.3411
231,26.1446,24.0945,17.4603,13.642,11.8406,10.7272,9.9984,9.5131,9.1515,8.8961,8.7029,8.533,8.3898,8.2665,8.1648,8.0723,7.9879,7.8937,7.8149,7.4644
232,26.004,24.0183,17.5832,13.8782,11.9899,10.8151,10.0846,9.5884,9.2222,8.9681,8.7714,8.6054,8.4621,8.3376,8.2346,8.1394,8.052,7.9554,7.8722,7.5515
233,25.7948,24.0314,17.6506,13.9029,12.0334,10.8527,10.1236,9.6169,9.2616,9.0098,8.8092,8.6434,8.5003,8.3765,8.2743,8.1805,8.0968,8.0074,7.9308,7.6195
234,25.8133,23.6144,17.6375,14.0947,12.197,10.9905,10.2202,9.6792,9.3039,9.0299,8.8172,8.6429,8.4952,8.3716,8.2702,8.1763,8.0908,8.0004,7.924,7.536
235,25.4985,23.1587,17.4931,14.0516,12.108,10.8935,10.1029,9.5544,9.1865,8.9188,8.7212,8.5549,8.4112,8.2899,8.1911,8.0988,8.015,7.9248,7.8639,7.4281
236,25.1164,22.5806,17.3084,14.1348,12.2733,11.0783,10.2955,9.7325,9.3326,9.0257,8.8058,8.6279,8.47,8.3352,8.226,8.1314,8.0443,7.9519,7.8961,7.44
237,24.9761,22.6313,17.4426,14.0472,12.2775,11.0954,10.338,9.7835,9.3841,9.0692,8.8432,8.6701,8.521,8.3863,8.2749,8.1805,8.0943,8.0056,7.9591,7.5056
238,25.0546,22.4679,17.3363,14.0719,12.3718,11.2263,10.4603,9.8975,9.4968,9.177,8.9309,8.7417,8.5857,8.4396,8.3128,8.2098,8.1325,8.0437,7.9939,7.5109
239,25.3268,22.6358,17.3846,14.0084,12.2992,11.1867,10.4259,9.8728,9.4657,9.1485,8.9021,8.7108,8.5551,8.4129,8.2843,8.1723,8.1084,8.0351,7.9954,7.4624
240,25.4925,22.5001,17.3149,14.1152,12.3184,11.2138,10.4513,9.8878,9.4579,9.1216,8.861,8.6558,8.4847,8.3325,8.2021,8.0829,8.0258,7.9551,7.9172,7.3223
241,25.6428,22.522,17.3228,14.0973,12.2165,11.0956,10.3529,9.8043,9.3671,9.0185,8.7469,8.5372,8.3603,8.2073,8.0894,7.9771,7.9183,7.8463,7.8075,7.1659
242,25.8212,22.4944,17.1709,14.1433,12.2371,11.0926,10.3365,9.7683,9.3032,8.9308,8.6393,8.422,8.2411,8.0937,7.982,7.8789,7.8191,7.7388,7.6867,7.0501
243,26.0242,22.487,17.0101,14.0265,12.1021,10.9809,10.2613,9.713,9.2555,8.8877,8.593,8.3765,8.1999,8.0586,7.9481,7.8457,7.7854,7.704,7.6685,7.0352
244,26.1432,22.2881,16.6733,13.9451,12.0807,11.0084,10.3076,9.7633,9.2995,8.9234,8.6178,8.3936,8.2159,8.0762,7.9638,7.8619,7.802,7.7223,7.705,7.0659
245,24.8064,23.4846,15.9934,13.6359,11.96,11.0151,10.3748,9.8934,9.4774,9.1327,8.8401,8.6138,8.4344,8.2895,8.1747,8.0648,7.9999,7.9375,7.9172,7.2744
246,24.261,23.5359,16.4088,13.9057,12.3897,11.4861,10.8299,10.3649,9.9736,9.6501,9.3809,9.1503,8.9607,8.7975,8.6634,8.5324,8.4423,8.3473,8.2385,7.741
247,23.839,23.2519,17.9252,14.5514,12.9059,11.9212,11.2057,10.7071,10.3015,9.9926,9.7376,9.5182,9.3363,9.1735,9.0371,8.8999,8.787,8.6391,8.5154,8.1978
248,24.0426,23.3776,18.6034,14.9609,13.2261,12.1735,11.3971,10.8204,10.4103,10.0716,9.8127,9.5952,9.4126,9.2483,9.1065,8.9519,8.8206,8.6404,8.5426,8.4045
249,24.6452,23.5003,19.1528,15.5075,13.6224,12.4405,11.5875,10.9921,10.5522,10.1868,9.9007,9.6522,9.4541,9.2701,9.1179,8.9558,8.8244,8.6529,8.5828,8.5361
250,24.9441,23.7325,19.3026,15.7083,13.7539,12.475,11.6095,11.0428,10.583,10.2265,9.9344,9.6789,9.475,9.2842,9.132,8.9783,8.8596,8.7027,8.6329,8.5296
251,25.0238,23.7085,19.144,15.6678,13.7038,12.3631,11.5511,10.9739,10.5234,10.1818,9.8962,9.6514,9.4548,9.2757,9.1287,8.9843,8.8664,8.7311,8.6465,8.3569
252,25.0681,23.8641,19.2456,15.7368,13.7036,12.3116,11.4973,10.9208,10.4758,10.1387,9.8676,9.6353,9.4451,9.2749,9.1265,8.984,8.8675,8.7523,8.6494,8.0788
253,25.2212,24.0172,19.4006,15.8943,13.7972,12.3348,11.4441,10.8681,10.4262,10.0869,9.8108,9.5694,9.3682,9.1917,9.036,8.8906,8.7784,8.6816,8.5755,7.7875
254,25.4037,24.2139,19.6408,16.0741,13.8865,12.4023,11.4393,10.8482,10.3947,10.0221,9.7126,9.4517,9.2377,9.0559,8.8953,8.7511,8.6467,8.5616,8.4555,7.5344
255,25.5628,24.3788,19.7547,16.2223,13.9457,12.4163,11.3685,10.7374,10.2548,9.8587,9.5299,9.2654,9.0525,8.8715,8.7169,8.5933,8.5,8.4049,8.2723,7.3315
256,25.6278,24.5384,19.7496,16.2888,13.9415,12.4003,11.3338,10.6786,10.1678,9.7433,9.3936,9.1223,8.9124,8.7428,8.6037,8.4892,8.397,8.2884,8.1345,7.2017
257,25.7419,24.7849,19.8953,16.3904,13.9628,12.387,11.292,10.6074,10.0708,9.633,9.2904,9.0302,8.83,8.6748,8.5482,8.4327,8.329,8.1991,8.0477,7.1419
258,25.917,24.9618,20.0681,16.5217,14.0633,12.425,11.3204,10.627,10.0848,9.6381,9.2884,9.0264,8.831,8.6804,8.5549,8.4367,8.3229,8.176,8.0271,7.1209
259,25.92,25.0996,20.1022,16.5351,14.0612,12.4133,11.3246,10.6185,10.0578,9.6139,9.2708,9.0181,8.8302,8.6847,8.554,8.4318,8.3134,8.1608,8.0296,7.1352
260,25.9147,25.2201,20.1521,16.6437,14.1768,12.5017,11.4177,10.714,10.1548,9.722,9.3712,9.1039,8.9054,8.7516,8.6165,8.4903,8.3707,8.2142,8.1068,7.202
261,26.0893,25.3794,20.368,16.8087,14.2905,12.6097,11.5661,10.8626,10.2916,9.8469,9.4802,9.1958,8.9902,8.8312,8.6959,8.5697,8.4527,8.2954,8.2069,7.3186
262,26.1873,25.3749,20.4537,16.9102,14.3809,12.6801,11.6173,10.8992,10.338,9.9123,9.5515,9.2539,9.0357,8.8688,8.7324,8.6024,8.4839,8.3247,8.237,7.3731
263,26.3216,25.4282,20.4984,16.9893,14.4153,12.7007,11.6314,10.8939,10.3363,9.9163,9.5712,9.2706,9.0402,8.867,8.7284,8.5949,8.4757,8.3218,8.2348,7.4006
264,26.2675,25.4075,20.5327,17.119,14.6084,12.893,11.7952,11.0163,10.4387,10.0097,9.6865,9.4006,9.1544,8.9611,8.8113,8.6738,8.5573,8.4021,8.3323,7.5393
265,25.4609,25.3451,20.5159,17.2275,14.7728,13.0538,11.9326,11.1421,10.5455,10.0873,9.7574,9.4764,9.2267,9.0229,8.8664,8.7226,8.6038,8.4521,8.3804,7.6259
266,25.0212,25.0517,20.4167,17.0704,14.6659,12.9752,11.8284,11.0235,10.4124,9.9521,9.6423,9.3843,9.1612,8.9701,8.8161,8.666,8.5377,8.3888,8.272,7.4558
267,24.474,24.4808,20.8901,17.4025,14.8824,13.1211,11.8995,11.0686,10.4425,9.9623,9.6447,9.3901,9.1763,8.9909,8.8377,8.6869,8.5552,8.4137,8.2874,7.4678
268,23.8116,23.7502,21.7338,17.9512,15.3662,13.5887,12.2936,11.3984,10.7406,10.2157,9.8471,9.5639,9.338,9.1507,8.9944,8.8405,8.7018,8.5531,8.4624,7.7256
269,24.0823,23.9214,21.7991,18.1145,15.7047,13.9888,12.6927,11.7582,11.0644,10.5009,10.0858,9.7643,9.5133,9.3125,9.1507,8.9983,8.8593,8.7008,8.6173,7.9553
270,23.9751,23.9331,21.5557,17.9047,15.6783,14.0117,12.7475,11.8335,11.1435,10.5726,10.1244,9.7749,9.5049,9.2838,9.1116,8.9576,8.8227,8.6607,8.572,7.9274
271,23.5374,23.4106,21.4082,18.064,15.8654,14.2275,12.9685,12.0444,11.3541,10.7978,10.3363,9.9684,9.6832,9.4428,9.2551,9.0868,8.9539,8.7905,8.7069,8.1471
272,23.3984,23.3877,21.2373,18.1026,15.9054,14.3249,13.0999,12.1766,11.469,10.9155,10.4639,10.1035,9.8184,9.5737,9.3764,9.2108,9.0759,8.9154,8.8121,8.2294
273,22.8285,22.8078,20.8842,17.8775,15.6785,14.1965,12.9745,12.0088,11.2636,10.6912,10.2331,9.8888,9.6291,9.4201,9.2442,9.0902,8.9585,8.8039,8.6288,7.8333
274,22.3837,22.3967,20.6805,17.6355,15.3647,13.9868,12.8257,11.8574,11.0839,10.4986,10.0537,9.7246,9.4755,9.285,9.1252,8.9793,8.8461,8.6928,8.4745,7.5795
275,22.0989,22.0811,20.531,17.6379,15.4319,14.0301,12.8637,11.8666,11.0342,10.4309,10.0033,9.6911,9.4465,9.257,9.094,8.9461,8.8066,8.646,8.4355,7.5063
276,21.9029,21.8197,20.3877,17.6445,15.4088,14.0062,12.8718,11.9229,11.093,10.4696,10.036,9.7155,9.4594,9.253,9.0775,8.9179,8.7723,8.6144,8.4347,7.4982
277,21.5302,21.5429,20.0332,17.5669,15.4481,14.031,12.8598,11.8995,11.0613,10.4223,9.9985,9.6823,9.4258,9.2098,9.0281,8.8565,8.7149,8.5513,8.4133,7.5318
278,21.2703,21.2747,19.8564,17.4526,15.2788,13.8925,12.7666,11.8887,11.0867,10.4409,10.0113,9.6811,9.4053,9.1696,8.9738,8.7907,8.6486,8.4785,8.3522,7.5312
279,21.1273,21.1365,19.7156,17.415,15.2883,13.9169,12.76,11.8691,11.0555,10.4171,10.0117,9.6852,9.4026,9.1626,8.9696,8.7902,8.654,8.4868,8.37,7.5558
280,21.062,21.0497,19.7004,17.2795,15.0734,13.6969,12.592,11.7602,11.0134,10.4151,10.0108,9.671,9.3746,9.1334,8.949,8.7757,8.6399,8.4663,8.3163,7.4966
281,21.0134,21.0078,19.6414,17.1761,14.9796,13.6176,12.5191,11.6618,10.9018,10.3292,9.9367,9.6052,9.3206,9.0889,8.9124,8.75,8.6206,8.4513,8.2913,7.4783
282,20.8443,20.841,19.7833,17.1475,14.9957,13.6111,12.5186,11.6874,10.9735,10.4119,10.0109,9.6636,9.3735,9.1407,8.9638,8.8061,8.6728,8.4929,8.3081,7.4698
283,20.7739,20.8023,19.9394,17.1126,14.9346,13.51,12.4274,11.5941,10.9016,10.3663,9.9587,9.6065,9.3246,9.1064,8.9351,8.7795,8.6421,8.4563,8.2467,7.4073
284,20.599,20.6029,19.9325,17.1415,15.0233,13.5317,12.4001,11.5025,10.8006,10.2866,9.8983,9.5642,9.2939,9.0848,8.9188,8.7613,8.6194,8.4298,8.2387,7.4095
285,20.2987,20.3061,19.8916,17.2342,15.1325,13.6314,12.4863,11.5704,10.8344,10.3102,9.9329,9.6107,9.3366,9.1157,8.9461,8.7856,8.6425,8.4543,8.295,7.4573
286,20.1189,20.1193,19.7568,17.2083,15.1394,13.6358,12.4536,11.4958,10.7295,10.2232,9.8718,9.5676,9.3145,9.0999,8.9296,8.764,8.6247,8.4332,8.3019,7.5002
287,19.5827,19.6083,19.4723,17.1811,15.2044,13.7304,12.5719,11.6576,10.8714,10.3035,9.9461,9.6524,9.4124,9.1894,9.0052,8.8326,8.701,8.5169,8.4282,7.6315
288,19.3593,19.349,19.1252,17.1908,15.3736,13.9225,12.7992,11.9207,11.1624,10.5031,10.1043,9.8153,9.5844,9.3576,9.1624,8.9774,8.8407,8.6662,8.5861,7.8408
289,18.8928,18.9128,18.7149,17.1269,15.4906,14.0981,12.9979,12.165,11.5082,10.9239,10.4385,10.1059,9.8554,9.6087,9.3977,9.1978,9.0458,8.8822,8.7805,8.1453
290,18.4061,18.4187,18.3159,16.8773,15.3323,13.988,12.9628,12.1866,11.5506,11.0163,10.546,10.1797,9.9044,9.6439,9.4205,9.2123,9.069,8.9125,8.8029,8.2563
291,17.9825,17.9975,17.9075,16.7184,15.2015,13.877,12.8737,12.088,11.4639,10.9684,10.5642,10.2176,9.9262,9.6544,9.422,9.1997,9.0555,8.8898,8.7669,8.2891
292,17.8244,17.8359,17.6815,16.57,15.1478,13.9399,13.016,12.2585,11.6505,11.1397,10.7094,10.3361,10.0258,9.7381,9.4978,9.2755,9.1345,8.9615,8.8158,8.4602
293,17.9071,17.8665,17.673,16.5233,15.1081,14.0536,13.1814,12.4692,11.8816,11.3694,10.9381,10.5722,10.2746,9.9868,9.7493,9.5241,9.3655,9.1608,8.9811,8.7484
294,17.8572,17.8401,17.6591,16.5918,15.2565,14.2918,13.422,12.7264,12.1486,11.6498,11.2116,10.8308,10.5129,10.2081,9.9516,9.7185,9.5589,9.3362,9.1538,8.9884
295,17.784,17.779,17.5048,16.4542,15.117,14.2809,13.4912,12.8433,12.2735,11.7967,11.371,11.0107,10.6997,10.4031,10.1467,9.9118,9.7537,9.5253,9.331,9.1578
296,17.6616,17.6313,17.2872,16.2343,15.1083,14.2697,13.5257,12.9202,12.3798,11.9324,11.5353,11.1851,10.867,10.5616,10.2984,10.062,9.8709,9.6391,9.4514,9.3382
297,17.2166,17.229,17.0451,16.1227,15.0416,14.2903,13.5831,13.0199,12.5138,12.0812,11.6997,11.3502,11.0407,10.7405,10.484,10.2561,10.0539,9.8079,9.5966,9.5501
298,16.8531,16.8786,16.7569,15.8954,14.8667,14.1462,13.4392,12.9103,12.4401,12.0258,11.659,11.3224,11.0187,10.7248,10.4758,10.2538,10.0507,9.806,9.6264,9.5791
299,16.7212,16.7272,16.5599,15.7943,14.8389,14.1085,13.4312,12.9011,12.4416,12.0276,11.6684,11.3318,11.0339,10.7449,10.5167,10.3319,10.1375,9.8896,9.6968,9.5695
300,16.6431,16.6439,16.5629,15.7626,14.7687,13.9965,13.3349,12.797,12.351,11.9409,11.5894,11.2461,10.9393,10.6402,10.4098,10.2268,10.0382,9.8001,9.6425,9.4358
301,16.4803,16.4847,16.4254,15.9864,14.9077,14.0219,13.3771,12.859,12.4399,12.0505,11.7273,11.4148,11.1512,10.8657,10.6308,10.4021,10.1923,9.9195,9.7273,9.5714
302,16.2391,16.2644,16.2363,15.8909,15.1096,14.2553,13.6416,13.1156,12.7338,12.3712,12.0769,11.7841,11.5401,11.2597,11.0315,10.7758,10.5373,10.2723,10.1371,10.0622
303,16.1149,16.1375,16.0945,15.7505,14.958,14.1373,13.5512,13.0314,12.6775,12.3259,12.0451,11.7414,11.4883,11.2087,10.9983,10.7797,10.5595,10.2991,10.1442,9.8716
304,16.1581,16.1659,16.0678,15.6722,14.8299,14.0091,13.4354,12.9022,12.5696,12.2297,11.972,11.6798,11.4222,11.1235,10.9041,10.6743,10.4668,10.2355,10.0883,9.7078
305,16.2449,16.2455,16.1083,15.6513,14.8045,13.9672,13.3645,12.8459,12.4973,12.1594,11.9108,11.6255,11.3692,11.0806,10.8796,10.6725,10.4541,10.2107,10.0373,9.4824
306,16.3258,16.3414,16.188,15.6274,14.7271,13.8957,13.2637,12.7646,12.3841,12.0351,11.7779,11.4924,11.2241,10.9104,10.6842,10.4702,10.2671,10.0457,9.8638,9.1048
307,16.2827,16.3046,16.2195,15.5444,14.5501,13.7071,13.0564,12.5612,12.1618,11.8208,11.5515,11.2632,10.9859,10.6624,10.4384,10.2188,9.9983,9.7663,9.5913,8.7095
308,16.0539,16.0612,16.0611,15.6185,14.5073,13.6484,12.9552,12.4562,12.0322,11.688,11.3927,11.1136,10.8701,10.5929,10.3606,10.115,9.906,9.6776,9.5155,8.6912
309,16.0697,16.0853,16.0597,15.6405,14.673,13.8982,13.2149,12.7062,12.2872,11.9472,11.6607,11.4191,11.2094,10.9888,10.7751,10.5485,10.3414,10.1147,9.8972,9.1845
310,16.0495,16.0726,16.0379,15.6523,14.8511,14.0477,13.4498,12.929,12.5217,12.181,11.8907,11.6517,11.4398,11.2264,11.0295,10.8214,10.636,10.4103,10.1711,9.5688
311,15.9429,15.9605,15.9623,15.5585,14.5985,13.8021,13.2407,12.7066,12.3078,11.9642,11.6783,11.4356,11.2205,10.9893,10.7749,10.5484,10.3565,10.1426,9.8976,9.0626
312,15.6277,15.6421,15.6445,15.469,14.3987,13.5751,12.9704,12.4002,12.0027,11.6464,11.3619,11.1141,10.8928,10.6426,10.4142,10.1746,9.9899,9.7708,9.5086,8.5927
313,15.2717,15.2845,15.2938,15.2882,14.5341,13.6694,13.0223,12.4876,12.0848,11.7141,11.4208,11.1482,10.92,10.6706,10.4484,10.219,10.0383,9.8354,9.5878,8.6885
314,15.0662,15.0908,15.089,15.0732,14.563,13.7176,13.0552,12.5097,12.0856,11.7199,11.4258,11.1493,10.9207,10.6697,10.4472,10.2326,10.0744,9.8842,9.6428,8.7811
315,14.9454,14.9583,14.9607,14.9529,14.5962,13.8872,13.295,12.7425,12.2981,11.9368,11.6352,11.3545,11.1194,10.8683,10.65,10.4385,10.2841,10.1147,9.8474,9.0127
316,14.8635,14.874,14.8756,14.8684,14.6455,14.1262,13.5504,13.0644,12.6225,12.2529,11.9361,11.6536,11.4277,11.1981,10.9959,10.7992,10.6578,10.4902,10.186,9.4647
317,14.7372,14.7487,14.7528,14.7544,14.7324,14.0564,13.3648,12.9238,12.5091,12.1562,11.8605,11.5827,11.3511,11.1084,10.9181,10.7351,10.5685,10.3282,9.9562,8.936
318,14.5676,14.6033,14.6064,14.6077,14.5736,13.7283,13.0397,12.5304,12.0888,11.6987,11.3843,11.083,10.8214,10.5732,10.3856,10.1997,10.0321,9.769,9.325,8.3196
319,14.4568,14.4804,14.4831,14.4839,14.4256,13.4776,12.8459,12.3069,11.853,11.4588,11.1344,10.8207,10.5495,10.2957,10.099,9.8979,9.7306,9.4758,9.1153,8.2565
320,14.3592,14.3808,14.3817,14.3807,14.3473,13.4533,12.8481,12.2999,11.8264,11.4154,11.0788,10.7573,10.4876,10.2285,10.0289,9.8203,9.6664,9.4372,9.1581,8.3235
321,14.2881,14.2936,14.2959,14.2962,14.241,13.5021,12.9082,12.3784,11.9097,11.5083,11.1633,10.848,10.5929,10.3344,10.1397,9.9285,9.7676,9.5483,9.305,8.4562
322,14.1771,14.1901,14.195,14.1964,14.1581,13.5673,12.9754,12.5013,12.065,11.6846,11.3357,11.0307,10.7822,10.531,10.339,10.1225,9.9514,9.741,9.5176,8.7131
323,14.0943,14.1042,14.1068,14.1075,14.0874,13.6322,13.0227,12.504,12.0749,11.6836,11.341,11.0474,10.7998,10.5604,10.3668,10.147,9.9765,9.7659,9.5682,8.882
324,14.0717,14.075,14.073,14.0694,14.0039,13.7077,13.2077,12.6646,12.273,11.8766,11.5695,11.2878,11.0501,10.826,10.6302,10.411,10.2281,10,9.7771,9.4087
325,14.0516,14.0599,14.0619,14.0617,13.9983,13.7913,13.3773,12.9231,12.5125,12.1037,11.7945,11.4999,11.2607,11.0381,10.8569,10.6575,10.4822,10.2509,10.0091,9.7921
326,14.0267,14.0364,14.0349,14.0313,13.9854,13.8246,13.4683,13.0406,12.6421,12.2661,11.9549,11.6696,11.4285,11.2042,11.0191,10.8107,10.6267,10.3772,10.166,10.0202
327,13.9186,13.9363,13.9412,13.9427,13.9312,13.8253,13.4393,13.0169,12.6001,12.23,11.9,11.6152,11.3603,11.1327,10.9421,10.7315,10.5542,10.2924,10.1186,9.9321
328,13.7773,13.7938,13.7958,13.7969,13.7974,13.7335,13.3469,12.8988,12.4806,12.1049,11.7384,11.4668,11.1997,10.9651,10.7635,10.5397,10.3571,10.0869,9.9312,9.673
329,13.6503,13.6706,13.676,13.6781,13.6789,13.6286,13.2702,12.8446,12.4814,12.1179,11.7386,11.473,11.1886,10.9545,10.7415,10.5183,10.3415,10.0843,9.9395,9.7047
330,13.5111,13.5424,13.5453,13.5467,13.5475,13.5419,13.2479,12.8118,12.4186,12.0982,11.7208,11.4608,11.1831,10.9596,10.7501,10.5342,10.3633,10.1193,9.9695,9.6713
331,13.431,13.4549,13.4588,13.4602,13.461,13.4529,13.1541,12.7253,12.3623,12.0359,11.6368,11.3743,11.0799,10.8548,10.6401,10.4237,10.2631,10.0271,9.8747,9.5732
332,13.2721,13.3117,13.3165,13.3185,13.3196,13.3189,13.1047,12.6581,12.3004,11.971,11.587,11.3314,11.0506,10.8347,10.6349,10.4398,10.3053,10.0794,9.8941,9.4979
333,13.1102,13.1488,13.1528,13.1547,13.1557,13.1561,13.0415,12.543,12.1479,11.8157,11.4441,11.1793,10.895,10.6671,10.4677,10.2825,10.1548,9.9287,9.7148,9.2596
334,12.9672,13.0025,13.0062,13.0082,13.0094,13.01,12.9619,12.4668,12.0777,11.7323,11.3625,11.1025,10.8389,10.6144,10.4293,10.2592,10.1474,9.9413,9.7113,9.1962
335,12.788,12.8353,12.8396,12.8417,12.8429,12.8437,12.843,12.4822,12.081,11.7242,11.3525,11.0996,10.8522,10.6293,10.451,10.2849,10.1653,9.9616,9.7342,9.2473
336,12.609,12.6475,12.6515,12.6535,12.6546,12.6554,12.6553,12.4243,11.9777,11.6169,11.2596,11.0078,10.8012,10.5931,10.421,10.2441,10.1186,9.9495,9.7339,9.1687
337,12.4497,12.4669,12.4693,12.4706,12.4714,12.472,12.4724,12.3221,11.8447,11.4507,11.0875,10.8244,10.6369,10.4495,10.2836,10.1011,9.9665,9.8084,9.6127,9.007
338,12.3144,12.3305,12.3329,12.3341,12.3349,12.3354,12.3354,12.224,11.737,11.3291,10.9543,10.6549,10.437,10.2643,10.1268,9.9533,9.8255,9.6864,9.5253,8.9056
339,12.1928,12.2177,12.2226,12.2247,12.226,12.2268,12.2273,12.1904,11.737,11.3397,10.981,10.6729,10.4224,10.2571,10.1327,9.9576,9.8177,9.6814,9.5546,8.9661
340,11.9888,12.001,12.0102,12.0134,12.0152,12.0163,12.017,12.0161,11.7544,11.3311,10.98,10.6569,10.3779,10.1883,10.0608,9.9051,9.7872,9.6721,9.5415,8.8917
341,11.7409,11.7686,11.7744,11.7768,11.7782,11.7791,11.7796,11.7515,11.4368,11.0408,10.704,10.4185,10.2078,10.0264,9.8825,9.7365,9.643,9.4929,9.2567,8.525
342,11.6058,11.6348,11.6379,11.6395,11.6405,11.6412,11.6415,11.5841,11.1253,10.7854,10.4791,10.2343,10.0573,9.8869,9.7541,9.613,9.5173,9.3355,9.0658,8.4151
343,11.5364,11.5516,11.5536,11.5547,11.5555,11.5559,11.5559,11.4979,10.9969,10.6865,10.3992,10.1804,10.0128,9.8456,9.7124,9.5717,9.4732,9.2917,9.0696,8.4575
344,11.4853,11.4983,11.5,11.5011,11.5019,11.5025,11.503,11.4857,11.0621,10.7359,10.4468,10.2276,10.0589,9.893,9.7573,9.6243,9.5236,9.3558,9.1491,8.5144
345,11.4123,11.4314,11.4377,11.4401,11.4415,11.4423,11.4427,11.4338,11.1058,10.7575,10.4649,10.2414,10.0724,9.9078,9.7685,9.6368,9.5413,9.3905,9.2277,8.5899
346,11.3679,11.3745,11.38,11.3834,11.3844,11.3851,11.3855,11.3857,11.2591,10.9343,10.6278,10.3596,10.1784,10.0088,9.8537,9.7071,9.6136,9.4712,9.3328,8.7003
347,11.3543,11.3725,11.3737,11.3744,11.3747,11.375,11.3754,11.3755,11.3588,11.1725,10.9275,10.6516,10.4586,10.2823,10.1323,9.991,9.8878,9.726,9.503,9.0011
348,11.3685,11.3783,11.3826,11.3839,11.385,11.3856,11.3859,11.3858,11.3846,11.2861,11.0677,10.8351,10.6402,10.4568,10.3103,10.1735,10.0605,9.8866,9.6335,9.3328
349,11.2542,11.2624,11.266,11.2682,11.2695,11.27,11.2701,11.2698,11.269,11.2526,11.073,10.763,10.5685,10.421,10.274,10.1543,10.0513,9.8764,9.6398,9.2648
350,11.0332,11.0659,11.071,11.073,11.0743,11.0752,11.0759,11.0763,11.075,11.0244,10.7738,10.5108,10.333,10.1714,10.0122,9.8903,9.7791,9.6088,9.3724,8.8584
351,10.93,10.9572,10.9611,10.9627,10.964,10.9646,10.965,10.9653,10.9631,10.9099,10.6274,10.3665,10.1648,10.0089,9.8604,9.737,9.631,9.4786,9.2764,8.7489
352,10.904,10.9302,10.9336,10.9342,10.9347,10.9353,10.936,10.9362,10.9351,10.8945,10.6048,10.3821,10.1536,9.982,9.8328,9.7031,9.6015,9.4483,9.271,8.7811
353,10.9053,10.9123,10.9196,10.9224,10.9244,10.9252,10.9258,10.9261,10.9262,10.9019,10.6452,10.4567,10.2294,10.05,9.9039,9.772,9.6756,9.5224,9.3218,8.8885
354,10.9289,10.9497,10.9525,10.9535,10.954,10.9542,10.9543,10.9543,10.9545,10.9495,10.7617,10.5714,10.3855,10.2159,10.0729,9.9407,9.8457,9.6912,9.4691,9.1289
355,10.954,10.9686,10.9708,10.9719,10.973,10.9735,10.9739,10.9741,10.9742,10.9633,10.8249,10.6596,10.4666,10.3121,10.1652,10.0363,9.9399,9.787,9.581,9.3432
356,10.9743,10.9931,10.9947,10.9953,10.996,10.9963,10.9966,10.9967,10.9967,10.99,10.8895,10.7458,10.5516,10.4,10.2481,10.1185,10.0134,9.8516,9.6622,9.4873
357,10.9629,10.9882,10.9928,10.9945,10.9956,10.9964,10.9969,10.9974,10.9976,10.9961,10.9181,10.7633,10.5775,10.4288,10.2787,10.1464,10.0305,9.8668,9.6975,9.5511
358,10.8758,10.8935,10.9018,10.905,10.9068,10.9081,10.909,10.9096,10.91,10.9102,10.8788,10.6536,10.4548,10.3005,10.1597,10.0284,9.9162,9.7585,9.6084,9.4053
359,10.7147,10.7434,10.7514,10.7546,10.7567,10.7582,10.7592,10.76,10.7606,10.761,10.761,10.5615,10.3173,10.1547,10.0148,9.8843,9.776,9.6273,9.4954,9.2688
360,10.5855,10.6047,10.6101,10.6124,10.6139,10.6148,10.6156,10.6163,10.6168,10.6171,10.6173,10.534,10.2483,10.0899,9.9554,9.8271,9.7228,9.5802,9.4521,9.2174
361,10.5384,10.5531,10.5589,10.562,10.5639,10.5652,10.566,10.5665,10.5668,10.5672,10.5674,10.545,10.2715,10.0866,9.9433,9.8101,9.7082,9.5668,9.4531,9.2059
362,10.5695,10.5875,10.5847,10.5845,10.5847,10.5849,10.5852,10.5854,10.5858,10.5861,10.5857,10.5614,10.3905,10.2264,10.0717,9.9468,9.8376,9.6845,9.5574,9.3157
363,10.605,10.6205,10.626,10.6277,10.6288,10.6295,10.6303,10.6307,10.6311,10.6313,10.631,10.6173,10.538,10.4259,10.3027,10.1864,10.062,9.9029,9.7594,9.5569
364,10.6359,10.6556,10.658,10.6579,10.6584,10.6587,10.659,10.6596,10.6599,10.66,10.66,10.6596,10.6238,10.5394,10.4575,10.3473,10.2198,10.0575,9.9109,9.76
365,10.6364,10.6501,10.6517,10.6527,10.6543,10.6552,10.6555,10.6558,10.656,10.6562,10.6563,10.6564,10.6461,10.5407,10.4503,10.3365,10.2157,10.06,9.9156,9.7701
