Day of Year,-4.19,-12.57,-20.95,-29.33,-37.71,-46.09,-54.47,-62.85,-71.23,-79.61,-88,-96.38,-104.76,-113.14,-121.52,-129.9,-138.28,-146.66,-155.04,-163.42
1,7.2813,7.3006,7.3035,7.3055,7.3069,7.3076,7.3084,7.3089,7.3093,7.3099,7.3102,7.3104,7.3105,7.3105,7.2478,7.1772,7.1135,6.9787,6.8923,6.6562
2,7.2782,7.2949,7.2977,7.2989,7.2993,7.2991,7.2988,7.298,7.2976,7.2972,7.2969,7.2966,7.2963,7.2958,7.2577,7.1931,7.1429,7.0012,6.903,6.6506
3,7.2564,7.283,7.291,7.2939,7.2953,7.2962,7.2966,7.2953,7.2908,7.2811,7.2732,7.2705,7.2678,7.263,7.2318,7.1799,7.1394,7.0096,6.9049,6.658
4,7.2185,7.2625,7.2692,7.2723,7.2742,7.2755,7.2766,7.2774,7.2781,7.2786,7.2772,7.2771,7.2761,7.2655,7.2152,7.1573,7.1131,7.0017,6.9115,6.697
5,7.0878,7.1134,7.1224,7.1262,7.1286,7.1304,7.1317,7.1329,7.1338,7.1346,7.1352,7.1357,7.1361,7.1363,7.1291,7.0947,7.0525,6.9675,6.8986,6.7392
6,6.8292,6.8552,6.8678,6.8732,6.8763,6.8785,6.88,6.8811,6.8821,6.8828,6.8832,6.8834,6.8831,6.8825,6.8821,6.8819,6.8803,6.8597,6.8217,6.7312
7,6.7631,6.783,6.7976,6.8039,6.8075,6.81,6.8117,6.813,6.814,6.8147,6.8151,6.8153,6.815,6.8121,6.7997,6.7769,6.7713,6.7637,6.7524,6.7127
8,6.8228,6.845,6.8612,6.8708,6.8773,6.8816,6.8851,6.8878,6.89,6.892,6.8936,6.8951,6.8962,6.8974,6.8982,6.8904,6.8824,6.8659,6.8511,6.7733
9,6.8514,6.8914,6.9041,6.9092,6.9125,6.9148,6.9168,6.9181,6.9192,6.9207,6.9218,6.9226,6.9233,6.924,6.9245,6.9249,6.9253,6.9256,6.9258,6.8789
10,6.8182,6.8865,6.8931,6.8963,6.8984,6.9002,6.9016,6.9027,6.9039,6.905,6.9057,6.9064,6.907,6.9076,6.9083,6.9089,6.9092,6.9094,6.9093,6.9027
11,6.8196,6.8918,6.9004,6.904,6.9062,6.9082,6.9096,6.9107,6.9118,6.9128,6.9134,6.9143,6.9148,6.9153,6.916,6.9163,6.9167,6.917,6.917,6.9147
12,6.8556,6.9159,6.9263,6.9306,6.9333,6.9354,6.9371,6.9385,6.9398,6.9408,6.9418,6.9427,6.9435,6.9443,6.945,6.9456,6.9462,6.9468,6.9473,6.9471
13,6.9001,6.9522,6.9635,6.9678,6.9707,6.9728,6.9745,6.9759,6.9771,6.9781,6.9791,6.98,6.9807,6.9814,6.9821,6.9827,6.9834,6.984,6.9845,6.9846
14,6.9564,6.9813,6.9921,6.9963,6.9995,7.0013,7.0026,7.0044,7.0055,7.0063,7.007,7.0077,7.0082,7.0088,7.0098,7.0104,7.0108,7.0112,7.0115,7.0091
15,6.9602,6.9821,6.9849,6.9862,6.9871,6.9878,6.9883,6.9888,6.9892,6.9896,6.9899,6.9901,6.9903,6.9905,6.9906,6.9908,6.9908,6.9904,6.9852,6.983
16,6.6944,6.729,6.7385,6.743,6.7457,6.7476,6.749,6.7501,6.751,6.7518,6.7525,6.7531,6.7535,6.7539,6.7543,6.7545,6.7545,6.7521,6.742,6.743
17,6.458,6.4833,6.4942,6.4983,6.5006,6.5018,6.5009,6.4993,6.4985,6.4979,6.4965,6.4934,6.4885,6.483,6.4775,6.4725,6.4688,6.4668,6.4652,6.4629
18,6.4221,6.472,6.4787,6.4812,6.4829,6.4836,6.4838,6.4824,6.4802,6.4697,6.4586,6.4483,6.4354,6.4195,6.403,6.3885,6.3789,6.3726,6.3673,6.3516
19,6.3946,6.4603,6.4679,6.4713,6.4734,6.4753,6.4765,6.4773,6.4778,6.4782,6.4747,6.4711,6.4649,6.4486,6.4282,6.4087,6.3928,6.3798,6.3673,6.3417
20,6.339,6.4167,6.4249,6.4287,6.431,6.4329,6.4344,6.4357,6.4367,6.4376,6.4384,6.439,6.4395,6.4399,6.437,6.4285,6.4174,6.4026,6.3894,6.3498
21,6.3044,6.3576,6.3667,6.3708,6.3733,6.3752,6.3768,6.378,6.3791,6.3801,6.381,6.3817,6.3824,6.3831,6.3836,6.3842,6.3846,6.384,6.3794,6.345
22,6.2651,6.3054,6.3139,6.318,6.3204,6.3223,6.3238,6.325,6.3259,6.3267,6.3276,6.3284,6.329,6.3297,6.3303,6.3309,6.3314,6.3319,6.3324,6.3319
23,6.1996,6.2686,6.2768,6.2807,6.2832,6.2853,6.2866,6.2879,6.2889,6.2901,6.291,6.2918,6.2926,6.2933,6.294,6.2945,6.2952,6.2959,6.2966,6.2973
24,6.1677,6.227,6.2354,6.2394,6.2422,6.2444,6.2461,6.2475,6.2488,6.25,6.251,6.252,6.2529,6.2537,6.2544,6.2552,6.2559,6.2566,6.2573,6.258
25,6.1645,6.192,6.1961,6.1984,6.2,6.2015,6.2026,6.2038,6.2049,6.2057,6.2064,6.2071,6.2079,6.2085,6.2091,6.2096,6.2102,6.2107,6.2112,6.2117
26,6.1434,6.1645,6.1682,6.1703,6.1719,6.1732,6.1743,6.1753,6.1762,6.1769,6.1776,6.1783,6.179,6.1796,6.1801,6.1807,6.1812,6.1817,6.1822,6.1828
27,6.0628,6.1088,6.119,6.1256,6.1296,6.1324,6.1346,6.1364,6.138,6.1393,6.1405,6.1415,6.1424,6.1432,6.144,6.1447,6.1454,6.146,6.1465,6.1472
28,6.0163,6.0285,6.0422,6.0524,6.0582,6.0623,6.0654,6.068,6.0701,6.072,6.0735,6.0749,6.0762,6.0773,6.0784,6.0794,6.0803,6.0812,6.0821,6.0834
29,5.8649,5.9129,5.9191,5.9223,5.9246,5.9265,5.928,5.9293,5.9305,5.9316,5.9326,5.9336,5.9344,5.9353,5.9361,5.9369,5.9378,5.9386,5.9396,5.9412
30,5.8102,5.8486,5.8536,5.8558,5.8573,5.8584,5.8594,5.8602,5.8612,5.8618,5.8624,5.863,5.8634,5.8639,5.8644,5.8648,5.8652,5.8658,5.8662,5.8666
31,5.8135,5.846,5.851,5.8536,5.8555,5.8566,5.8578,5.8584,5.8589,5.8603,5.8608,5.8611,5.8614,5.862,5.8626,5.863,5.8633,5.8636,5.864,5.8646
32,5.8231,5.8475,5.8535,5.8568,5.8592,5.8611,5.8627,5.8636,5.8652,5.866,5.8668,5.8677,5.8685,5.8691,5.8697,5.8704,5.8709,5.8714,5.872,5.8729
33,5.8152,5.8211,5.8283,5.8344,5.8391,5.8428,5.8456,5.8481,5.85,5.8519,5.8534,5.8554,5.8567,5.8576,5.8583,5.8584,5.8581,5.8575,5.8567,5.8558
34,5.7809,5.8134,5.8298,5.8367,5.8409,5.8439,5.8458,5.8481,5.8495,5.8505,5.8517,5.8527,5.8534,5.854,5.8547,5.8549,5.8544,5.8527,5.8505,5.8497
35,5.76,5.824,5.8324,5.8363,5.839,5.8411,5.8428,5.8442,5.8455,5.8464,5.8475,5.8482,5.8491,5.85,5.8507,5.8515,5.8524,5.8531,5.8538,5.8547
36,5.768,5.8038,5.8086,5.8112,5.8129,5.8145,5.8157,5.8167,5.8177,5.8186,5.8194,5.8201,5.8208,5.8214,5.8221,5.8227,5.8233,5.8238,5.8245,5.8253
37,5.6993,5.7354,5.7393,5.7413,5.7427,5.7439,5.7448,5.7456,5.7463,5.747,5.7475,5.7481,5.7485,5.749,5.7494,5.7498,5.7502,5.7506,5.7511,5.7519
38,5.5811,5.6079,5.6102,5.6112,5.6119,5.6124,5.6128,5.6132,5.6135,5.6137,5.614,5.6142,5.6145,5.6147,5.6149,5.6151,5.6154,5.6157,5.6161,5.6171
39,5.5263,5.5313,5.5324,5.5326,5.5325,5.5322,5.5318,5.5311,5.5299,5.5285,5.5277,5.5276,5.5276,5.5277,5.5277,5.5278,5.528,5.5282,5.5287,5.5296
40,5.4502,5.4701,5.4701,5.4709,5.4719,5.4727,5.4733,5.4738,5.474,5.4738,5.4735,5.4735,5.4736,5.4737,5.4737,5.4738,5.4738,5.4736,5.4735,5.4738
41,5.3649,5.3734,5.3762,5.378,5.3793,5.3803,5.3812,5.3819,5.3824,5.3827,5.3831,5.3833,5.3835,5.3837,5.3838,5.3838,5.3838,5.3838,5.3826,5.3777
42,5.1938,5.2088,5.2221,5.2298,5.2348,5.2384,5.241,5.2431,5.2448,5.2461,5.2472,5.2481,5.2488,5.2495,5.2501,5.2505,5.2508,5.2509,5.2495,5.2404
43,5.2114,5.2141,5.2196,5.2275,5.2334,5.2377,5.241,5.2437,5.2459,5.2477,5.2492,5.2503,5.2512,5.2518,5.252,5.2519,5.251,5.2492,5.2441,5.2389
44,5.3127,5.3151,5.3194,5.3254,5.3301,5.3336,5.3365,5.3391,5.3413,5.3433,5.3451,5.3466,5.348,5.3492,5.3502,5.351,5.3514,5.3503,5.3399,5.3388
45,5.1849,5.2071,5.2174,5.2234,5.2277,5.2312,5.234,5.2364,5.2385,5.2404,5.2421,5.2437,5.2451,5.2464,5.2477,5.249,5.2503,5.2517,5.2533,5.2549
46,5.1307,5.1475,5.1466,5.1477,5.1487,5.1496,5.1504,5.1512,5.1518,5.1524,5.1529,5.1534,5.1538,5.1542,5.1546,5.1549,5.1551,5.1551,5.1517,5.1481
47,4.9669,5.1128,5.1079,5.1041,5.1033,5.1029,5.1025,5.1023,5.1021,5.1019,5.1016,5.1016,5.1015,5.1014,5.1012,5.101,5.1009,5.1006,5.086,5.059
48,4.9505,5.0143,5.0249,5.0295,5.0324,5.0345,5.0361,5.0373,5.0383,5.0391,5.0398,5.0404,5.041,5.0415,5.0418,5.0422,5.0424,5.0427,5.0393,4.9867
49,4.87,4.9297,4.9366,4.9402,4.9428,4.9446,4.9461,4.9473,4.9484,4.9492,4.95,4.9508,4.9515,4.9521,4.9526,4.9531,4.9536,4.9539,4.9542,4.9213
50,4.8079,4.8548,4.862,4.8658,4.8684,4.8705,4.8721,4.8734,4.8745,4.8754,4.8764,4.8772,4.878,4.8786,4.8791,4.8797,4.8802,4.8806,4.881,4.8747
51,4.793,4.8225,4.8301,4.834,4.8369,4.8391,4.8408,4.8423,4.8438,4.8448,4.8459,4.8466,4.8474,4.8481,4.8487,4.8494,4.8501,4.8506,4.851,4.8516
52,4.7907,4.8253,4.8244,4.8265,4.8285,4.8301,4.8314,4.8325,4.8335,4.8343,4.8351,4.8358,4.8365,4.837,4.8377,4.8382,4.8387,4.8394,4.8399,4.8404
53,4.7595,4.8172,4.8269,4.8305,4.8327,4.8341,4.8355,4.8362,4.8372,4.8377,4.8384,4.8391,4.8398,4.8402,4.8404,4.841,4.8415,4.8417,4.8421,4.8429
54,4.7698,4.7907,4.8009,4.8063,4.8102,4.8131,4.8154,4.8172,4.8191,4.8206,4.8217,4.8229,4.8237,4.8247,4.8257,4.8264,4.8273,4.8281,4.829,4.8298
55,4.73,4.7807,4.7888,4.793,4.7959,4.7979,4.7995,4.8009,4.802,4.8029,4.8039,4.8051,4.8056,4.8062,4.8068,4.8075,4.8081,4.8088,4.8094,4.8101
56,4.7406,4.7749,4.7728,4.7749,4.7768,4.7784,4.7797,4.7809,4.7818,4.7828,4.7834,4.7841,4.7853,4.7858,4.7863,4.7868,4.7874,4.7881,4.7888,4.7896
57,4.6845,4.7541,4.7602,4.7632,4.7651,4.7664,4.7676,4.7688,4.7693,4.7698,4.7708,4.7714,4.7719,4.7723,4.7728,4.7732,4.7736,4.774,4.7744,4.7748
58,4.6721,4.7223,4.7296,4.7339,4.7367,4.739,4.7409,4.7425,4.7435,4.7445,4.7457,4.7467,4.7475,4.7482,4.7489,4.7496,4.7502,4.7508,4.7515,4.7523
59,4.6268,4.703,4.7094,4.7124,4.7144,4.7161,4.7171,4.7185,4.7193,4.7201,4.7209,4.7216,4.7222,4.7229,4.7234,4.724,4.7245,4.725,4.7256,4.7262
60,4.6259,4.6843,4.6881,4.6903,4.6922,4.6933,4.6945,4.6957,4.6965,4.6974,4.6981,4.6987,4.6994,4.6999,4.7005,4.7011,4.7016,4.7021,4.7026,4.7032
61,4.6491,4.6759,4.6783,4.6785,4.6784,4.6785,4.679,4.6797,4.6802,4.6807,4.6814,4.6821,4.6825,4.6828,4.6831,4.6834,4.6837,4.6841,4.6845,4.6851
62,4.6408,4.6498,4.6575,4.6609,4.6631,4.6645,4.6653,4.666,4.6666,4.6673,4.668,4.6684,4.6688,4.6692,4.6696,4.6699,4.6703,4.6707,4.6711,4.6715
63,4.6139,4.623,4.6298,4.6329,4.6352,4.6369,4.6382,4.6395,4.6406,4.6416,4.6426,4.6436,4.6444,4.6451,4.6458,4.6465,4.6471,4.6477,4.6485,4.6493
64,4.5701,4.5923,4.5986,4.6018,4.6043,4.6063,4.6081,4.6095,4.6109,4.6119,4.613,4.6139,4.6147,4.6153,4.6161,4.617,4.6175,4.6181,4.6188,4.6196
65,4.5512,4.5815,4.5892,4.5931,4.5956,4.5973,4.5987,4.5998,4.6007,4.6016,4.6021,4.6029,4.6034,4.604,4.6046,4.6048,4.6051,4.6059,4.6064,4.6067
66,4.538,4.5586,4.5669,4.5716,4.575,4.5776,4.5799,4.5817,4.5832,4.5848,4.5858,4.5868,4.5878,4.5887,4.5894,4.5902,4.5909,4.5915,4.5922,4.593
67,4.5015,4.517,4.5279,4.534,4.5381,4.5416,4.5447,4.5472,4.5495,4.5514,4.553,4.5545,4.5558,4.557,4.558,4.559,4.5599,4.5608,4.5617,4.5627
68,4.4208,4.4604,4.4724,4.4798,4.4849,4.4891,4.4927,4.4957,4.4983,4.5006,4.5027,4.5046,4.5063,4.5078,4.5093,4.5107,4.512,4.5133,4.5147,4.5163
69,4.4218,4.4222,4.4229,4.4234,4.4236,4.4246,4.4259,4.4273,4.4287,4.4301,4.4315,4.4328,4.4341,4.4353,4.4365,4.4376,4.4386,4.4396,4.4406,4.4418
70,4.2932,4.2935,4.2929,4.2933,4.2941,4.2954,4.2967,4.2979,4.299,4.3,4.3009,4.3017,4.3024,4.3031,4.3037,4.3044,4.305,4.3057,4.3065,4.3075
71,3.9535,4.0177,4.0507,4.0747,4.0927,4.1067,4.1179,4.1273,4.1354,4.1426,4.1489,4.1547,4.1599,4.1646,4.169,4.1731,4.1769,4.1807,4.1844,4.1886
72,3.7728,3.8296,3.8755,3.9687,3.9873,3.9963,4.0032,4.0089,4.0138,4.0181,4.0221,4.0255,4.0289,4.0319,4.0347,4.0375,4.0404,4.0432,4.0466,4.0517
73,3.2742,3.379,3.6306,3.9577,3.9867,4.0024,4.0126,4.0196,4.0249,4.029,4.0323,4.0352,4.0377,4.0399,4.0419,4.0438,4.0458,4.0478,4.0506,4.0551
74,2.8656,2.8806,2.9397,3.0955,3.7275,3.9268,3.9497,3.9678,3.9828,3.9955,4.0063,4.0155,4.0233,4.0302,4.0363,4.0418,4.0469,4.0519,4.0574,4.0647
75,2.2703,2.3092,2.537,3.1223,3.7738,3.9572,3.9649,3.9683,3.9718,3.975,3.9785,3.9818,3.9849,3.9878,3.9905,3.9934,3.9966,4.0001,4.0039,4.0069
76,2.2357,2.3069,2.5672,3.0406,3.7397,3.9694,3.9726,3.9748,3.9769,3.9788,3.9807,3.9819,3.9835,3.9848,3.986,3.9876,3.9888,3.9906,3.9924,3.9935
77,2.8697,2.8876,2.9276,3.5287,3.7697,3.7888,3.8098,3.8434,3.8928,3.916,3.9278,3.9381,3.9475,3.9557,3.962,3.9672,3.9715,3.9752,3.9787,3.9829
78,2.9901,3.0831,3.2124,3.5877,3.66,3.6731,3.7161,3.7889,3.872,3.8883,3.8998,3.916,3.924,3.9317,3.9409,3.95,3.9582,3.9631,3.9671,3.9692
79,2.9269,3.0658,3.2753,3.4895,3.6403,3.6898,3.7631,3.8353,3.8779,3.9024,3.9158,3.9392,3.9435,3.9477,3.9532,3.9598,3.9635,3.9658,3.9667,3.9674
80,3.0636,3.0644,3.2197,3.3807,3.5211,3.6525,3.7468,3.8421,3.8733,3.9121,3.9265,3.9471,3.9508,3.9549,3.959,3.9627,3.9647,3.9655,3.9665,3.9666
81,3.1505,3.165,3.1887,3.2644,3.4516,3.6317,3.7281,3.838,3.8665,3.9064,3.924,3.9431,3.9478,3.9519,3.9555,3.9588,3.961,3.9634,3.9636,3.9636
82,3.5273,3.5176,3.5107,3.5087,3.5421,3.6407,3.712,3.8174,3.855,3.8997,3.919,3.9372,3.9418,3.9465,3.9514,3.9556,3.959,3.9615,3.9619,3.9626
83,3.6849,3.6775,3.6768,3.6775,3.6794,3.6829,3.6999,3.7288,3.7455,3.7794,3.8738,3.9298,3.9337,3.9376,3.942,3.9479,3.9543,3.9579,3.9594,3.9599
84,3.6287,3.6627,3.6688,3.6695,3.669,3.6685,3.6732,3.7163,3.7477,3.7915,3.8753,3.911,3.9162,3.9228,3.9304,3.9391,3.9477,3.9543,3.956,3.957
85,3.7073,3.6867,3.6793,3.6758,3.6741,3.6736,3.6789,3.6904,3.7381,3.7958,3.8438,3.8669,3.8854,3.9107,3.9265,3.9429,3.9503,3.9518,3.9527,3.9532
86,3.5642,3.5789,3.5868,3.5927,3.5984,3.6044,3.6119,3.6262,3.6818,3.7665,3.8133,3.8471,3.879,3.9285,3.9421,3.9447,3.9463,3.9475,3.9482,3.9485
87,3.3786,3.3939,3.4074,3.4178,3.4286,3.444,3.4801,3.5281,3.6539,3.7553,3.805,3.8462,3.881,3.9388,3.9412,3.9432,3.944,3.9451,3.9455,3.9459
88,3.2477,3.2582,3.2655,3.272,3.2807,3.3028,3.4354,3.5849,3.7134,3.7878,3.8235,3.8581,3.8888,3.9391,3.9435,3.9447,3.9453,3.9466,3.9468,3.9469
89,3.099,3.0948,3.0952,3.0968,3.099,3.1074,3.3695,3.6366,3.7419,3.8184,3.8413,3.8722,3.9095,3.9411,3.943,3.9436,3.944,3.9443,3.9446,3.9447
90,3.006,2.9565,2.9503,2.9475,2.9462,2.9519,3.3159,3.6239,3.7243,3.8417,3.8731,3.9121,3.9317,3.9345,3.9362,3.9373,3.9379,3.9385,3.9388,3.9391
91,2.8964,2.8893,2.8847,2.8823,2.881,2.8924,3.1656,3.5394,3.6939,3.8423,3.898,3.928,3.9294,3.9306,3.932,3.9326,3.9336,3.9341,3.9345,3.9346
92,3.012,3.0124,3.0133,3.0153,3.0176,3.0207,3.0551,3.304,3.5763,3.7966,3.8636,3.9036,3.915,3.9252,3.9283,3.9295,3.9302,3.9309,3.9312,3.9315
93,3.26,3.2406,3.2375,3.2374,3.2381,3.2396,3.242,3.2535,3.4793,3.7546,3.7727,3.7933,3.8126,3.8381,3.8808,3.9206,3.9277,3.9292,3.9298,3.9303
94,3.3408,3.3365,3.3364,3.3371,3.338,3.3391,3.3409,3.3486,3.4647,3.6847,3.7542,3.799,3.8176,3.8374,3.8625,3.9167,3.9318,3.9329,3.9341,3.9346
95,3.4285,3.4203,3.4164,3.4148,3.4145,3.4151,3.4169,3.4202,3.4397,3.5428,3.6805,3.8101,3.8231,3.8438,3.8713,3.915,3.9324,3.9362,3.9367,3.9372
96,3.5865,3.5867,3.5867,3.5872,3.5884,3.5901,3.5924,3.5952,3.5988,3.6041,3.6388,3.6773,3.6859,3.6946,3.7037,3.714,3.7275,3.7488,3.7596,3.7708
97,3.6327,3.6299,3.6317,3.6326,3.6333,3.6342,3.6351,3.6361,3.6372,3.6384,3.6396,3.6409,3.6425,3.6442,3.6465,3.6487,3.6507,3.6528,3.6549,3.6568
98,3.6323,3.6251,3.6256,3.6267,3.6277,3.6286,3.6292,3.6297,3.63,3.6302,3.6304,3.6305,3.6306,3.6306,3.6308,3.633,3.6365,3.6384,3.642,3.6431
99,3.67,3.6375,3.6323,3.6301,3.6285,3.6274,3.6264,3.6256,3.6249,3.6242,3.6237,3.6235,3.6227,3.6226,3.6228,3.6235,3.6261,3.6317,3.6342,3.6347
100,3.6712,3.6576,3.6491,3.6436,3.639,3.6353,3.6321,3.6294,3.6271,3.6251,3.6234,3.6219,3.6206,3.6195,3.6185,3.6179,3.618,3.6221,3.6225,3.6227
101,3.6886,3.67,3.665,3.6617,3.6593,3.6572,3.6555,3.6539,3.6526,3.6513,3.6502,3.6492,3.6483,3.6475,3.6468,3.6461,3.6454,3.6445,3.6437,3.6427
102,3.6861,3.6744,3.6702,3.6673,3.665,3.6633,3.6617,3.6601,3.6586,3.6573,3.6564,3.6551,3.6542,3.6532,3.6523,3.6515,3.6506,3.6497,3.6489,3.6475
103,3.7125,3.6698,3.6596,3.6541,3.6506,3.6481,3.6462,3.6446,3.6433,3.6421,3.641,3.64,3.6392,3.6384,3.6376,3.6367,3.6361,3.6353,3.6345,3.6331
104,3.6497,3.6469,3.6433,3.6404,3.6379,3.6357,3.6337,3.632,3.6305,3.6291,3.6279,3.6268,3.6259,3.625,3.6241,3.6233,3.6226,3.6218,3.6209,3.6195
105,3.6459,3.6283,3.6218,3.6175,3.6143,3.6117,3.6094,3.6074,3.6056,3.604,3.6026,3.6014,3.6002,3.5991,3.5981,3.5973,3.5964,3.5955,3.5947,3.5934
106,3.6337,3.6345,3.6304,3.6274,3.625,3.6231,3.6214,3.6199,3.6186,3.6172,3.6162,3.6151,3.6142,3.6133,3.6124,3.6116,3.6108,3.61,3.6093,3.6083
107,3.7201,3.6565,3.6492,3.6457,3.6432,3.6414,3.6397,3.6384,3.6371,3.6361,3.635,3.6341,3.6333,3.6324,3.6317,3.6309,3.6303,3.6297,3.6288,3.6278
108,3.7009,3.6825,3.6741,3.6685,3.6643,3.6607,3.6581,3.6556,3.6535,3.6517,3.65,3.6485,3.6469,3.646,3.6447,3.6438,3.6427,3.6419,3.6407,3.6391
109,3.7282,3.6702,3.6608,3.6561,3.6531,3.6508,3.6491,3.6476,3.6463,3.6451,3.6441,3.643,3.6421,3.6412,3.6402,3.6396,3.6385,3.6378,3.6371,3.6355
110,3.7325,3.6708,3.6605,3.6549,3.6514,3.6487,3.6467,3.645,3.6441,3.6426,3.6412,3.6406,3.6394,3.6387,3.6381,3.637,3.6365,3.6354,3.6346,3.6331
111,3.7359,3.6852,3.6715,3.6643,3.6595,3.6561,3.6534,3.6512,3.6494,3.6478,3.6465,3.6453,3.6442,3.6432,3.6423,3.6415,3.6407,3.6399,3.639,3.6377
112,3.7354,3.7014,3.693,3.6889,3.6859,3.6837,3.6819,3.6802,3.6788,3.6775,3.6763,3.6752,3.6742,3.6731,3.6722,3.6713,3.6704,3.6694,3.6683,3.6668
113,3.7523,3.7307,3.7207,3.7148,3.7103,3.7068,3.704,3.7017,3.6997,3.6981,3.6966,3.6954,3.6942,3.6932,3.6922,3.6913,3.6904,3.6895,3.6885,3.6868
114,3.7849,3.7628,3.7552,3.7502,3.7464,3.7432,3.7404,3.7379,3.7357,3.7336,3.7317,3.73,3.7284,3.7268,3.7254,3.7241,3.7227,3.7215,3.7199,3.7176
115,3.8138,3.7714,3.7644,3.76,3.7566,3.7537,3.7512,3.7489,3.7471,3.7452,3.7436,3.742,3.7406,3.7394,3.7382,3.7371,3.736,3.7349,3.7336,3.7316
116,3.7981,3.7574,3.7499,3.7451,3.7416,3.7388,3.7365,3.7345,3.7328,3.7313,3.7299,3.7286,3.7275,3.7264,3.7252,3.7241,3.7233,3.7222,3.7209,3.7189
117,3.7899,3.7346,3.7219,3.7158,3.7118,3.7091,3.7069,3.705,3.7035,3.7021,3.7007,3.6995,3.6984,3.6974,3.6964,3.6955,3.6946,3.6936,3.6925,3.6906
118,3.737,3.7044,3.6928,3.6876,3.6841,3.6814,3.6792,3.6773,3.6758,3.6743,3.673,3.6719,3.6708,3.6697,3.6689,3.6679,3.6671,3.6661,3.6651,3.663
119,3.7491,3.7023,3.6904,3.6833,3.6783,3.6746,3.6717,3.6692,3.667,3.665,3.6633,3.6617,3.6602,3.6588,3.6575,3.6563,3.655,3.6538,3.6523,3.65
120,3.738,3.7161,3.709,3.704,3.7001,3.6969,3.694,3.6916,3.6895,3.6876,3.6858,3.6842,3.6827,3.6813,3.68,3.6788,3.6776,3.6764,3.6751,3.6734
121,3.7428,3.7301,3.727,3.725,3.7236,3.7224,3.7213,3.7204,3.7195,3.7186,3.7178,3.7171,3.7163,3.7156,3.7149,3.7142,3.7135,3.7127,3.7118,3.7104
122,3.8192,3.7589,3.7502,3.7459,3.7432,3.7411,3.7396,3.7382,3.7371,3.7361,3.7352,3.7344,3.7336,3.733,3.7323,3.7318,3.7312,3.7306,3.73,3.7289
123,3.8509,3.8116,3.7983,3.7909,3.7857,3.7818,3.7787,3.7761,3.7741,3.7723,3.7707,3.7694,3.7681,3.767,3.766,3.765,3.764,3.7631,3.762,3.7601
124,3.8981,3.8293,3.8223,3.8185,3.8157,3.8134,3.8113,3.8093,3.8076,3.8059,3.8044,3.8028,3.8015,3.8001,3.799,3.7978,3.7966,3.7955,3.7943,3.7921
125,3.9231,3.8607,3.8454,3.8365,3.8307,3.8264,3.8231,3.8205,3.8182,3.8163,3.8146,3.8132,3.8117,3.8105,3.8094,3.8081,3.8069,3.8057,3.8042,3.8012
126,3.9267,3.8719,3.8572,3.8484,3.8423,3.8377,3.8339,3.8308,3.8281,3.8259,3.8239,3.8221,3.8205,3.8191,3.8177,3.8165,3.8153,3.814,3.8127,3.8105
127,4.0051,3.9367,3.9146,3.9011,3.8925,3.8866,3.8824,3.8791,3.8764,3.8741,3.872,3.8701,3.8683,3.8666,3.865,3.8635,3.862,3.8604,3.8586,3.8558
128,4.0357,3.9935,3.9752,3.9617,3.9511,3.9428,3.9359,3.9304,3.9259,3.9222,3.9192,3.9165,3.9142,3.9121,3.9102,3.9084,3.9066,3.9048,3.9025,3.8984
129,4.1369,4.0288,3.999,3.9895,3.9829,3.9774,3.9725,3.9683,3.964,3.9598,3.9559,3.9523,3.9488,3.9457,3.9428,3.94,3.9374,3.9346,3.9312,3.927
130,4.2353,4.1579,4.0914,4.0655,4.0458,4.0289,4.0121,3.9954,3.9842,3.9762,3.9703,3.966,3.9623,3.9592,3.9565,3.954,3.9515,3.9488,3.9457,3.9423
131,4.3002,4.2054,4.1558,4.1136,4.0992,4.0895,4.0792,4.0595,4.0131,3.9943,3.987,3.9815,3.9769,3.9727,3.9689,3.9658,3.9632,3.9603,3.9571,3.9543
132,4.5358,4.4521,4.2256,4.187,4.1632,4.1095,4.0784,4.0639,4.0109,3.9976,3.993,3.9891,3.9854,3.9815,3.9771,3.9721,3.9695,3.9674,3.9653,3.9634
133,4.8105,4.7053,4.5414,4.2468,4.2241,4.1823,4.1352,4.0817,4.0141,4.0036,3.9981,3.9942,3.9902,3.9864,3.9823,3.9763,3.9719,3.9702,3.9692,3.9682
134,5.1632,4.9801,4.8187,4.2838,4.2463,4.207,4.1986,4.1413,4.0209,4.0087,4.0015,3.998,3.9936,3.9893,3.9853,3.9775,3.9736,3.9724,3.9719,3.9716
135,5.4662,5.2597,4.8828,4.3721,4.2901,4.2112,4.1963,4.1447,4.0316,4.0161,4.0068,4.0038,3.9971,3.9924,3.988,3.9785,3.9776,3.9768,3.9763,3.976
136,5.7095,5.509,4.8299,4.4198,4.3221,4.2286,4.1909,4.134,4.0434,4.0261,4.0177,4.0135,4.0009,3.9953,3.9885,3.9816,3.9803,3.98,3.9798,3.9795
137,6.0203,5.7363,4.8812,4.4734,4.3462,4.2478,4.1881,4.1347,4.058,4.0328,4.0252,4.0211,4.0032,3.9969,3.9877,3.9836,3.9822,3.9817,3.9813,3.9805
138,6.4116,6.3252,4.9442,4.4906,4.3526,4.2529,4.1842,4.1327,4.0648,4.0356,4.0287,4.0239,4.0046,3.9966,3.9863,3.9849,3.9841,3.9836,3.9825,3.9822
139,6.9838,6.6318,5.0983,4.5542,4.3854,4.2672,4.188,4.1355,4.0708,4.0376,4.0312,4.0256,4.0068,3.9975,3.9879,3.9862,3.9848,3.9842,3.9838,3.983
140,7.4941,6.7298,5.1604,4.5618,4.3847,4.2621,4.1824,4.1283,4.0678,4.037,4.0316,4.0246,4.008,3.9994,3.9893,3.9864,3.9857,3.9844,3.9842,3.9838
141,8.1607,7.0301,5.2613,4.587,4.3856,4.2558,4.1764,4.1196,4.0652,4.0371,4.0309,4.0234,4.0093,4.0017,3.9917,3.9877,3.9862,3.9858,3.9857,3.9852
142,8.6541,7.1785,5.2742,4.5714,4.3727,4.2436,4.1669,4.1098,4.0619,4.0376,4.0311,4.0225,4.011,4.0038,3.9949,3.9882,3.9877,3.9875,3.9866,3.9862
143,9.1333,7.3398,5.339,4.5745,4.3752,4.2427,4.1644,4.1046,4.0625,4.0401,4.0326,4.0231,4.0135,4.0067,3.9967,3.9898,3.9895,3.9886,3.9881,3.988
144,8.7385,8.0575,5.4648,4.6296,4.3969,4.2543,4.1713,4.1038,4.0655,4.044,4.0359,4.0255,4.0168,4.0085,3.9966,3.9923,3.9913,3.9907,3.9904,3.9899
145,8.4115,8.1416,5.5429,4.683,4.4193,4.2734,4.184,4.1072,4.0701,4.0472,4.0388,4.0277,4.0175,4.005,3.9972,3.9955,3.9946,3.9937,3.9932,3.9928
146,8.576,8.069,5.7011,4.7506,4.4457,4.297,4.1998,4.1162,4.077,4.0496,4.0409,4.0262,4.0175,4.003,4.0005,3.999,3.9976,3.9971,3.9963,3.9955
147,8.8358,8.1286,5.7949,4.7917,4.456,4.3074,4.2036,4.1172,4.0787,4.0502,4.041,4.0234,4.0165,4.0043,4.0019,4.0013,3.9999,3.9994,3.9989,3.9978
148,9.304,8.2086,5.7965,4.8286,4.466,4.3148,4.2036,4.1142,4.0773,4.0511,4.041,4.0245,4.0157,4.0057,4.0033,4.0018,4.0011,4,3.9999,3.9995
149,9.4034,8.3031,5.7505,4.8525,4.4764,4.3239,4.2023,4.1112,4.0764,4.0533,4.0394,4.0258,4.0139,4.0073,4.005,4.0033,4.0023,4.0016,4.0013,4.0007
150,9.6956,8.4654,5.8019,4.8969,4.5001,4.3383,4.2071,4.1131,4.0777,4.0556,4.0381,4.0274,4.0139,4.0094,4.007,4.0052,4.0038,4.0035,4.0032,4.0019
151,9.7343,9.4943,6.0086,4.9362,4.5096,4.3415,4.2075,4.1138,4.0792,4.0574,4.0416,4.0293,4.013,4.0102,4.0077,4.0058,4.0044,4.004,4.0038,4.0025
152,10.5627,10.2258,6.1786,4.9296,4.4996,4.3329,4.2026,4.1128,4.0797,4.0572,4.0446,4.0275,4.0121,4.0098,4.0065,4.0046,4.004,4.0038,4.0026,4.0021
153,11.2361,10.618,6.3912,4.9339,4.4893,4.3199,4.1949,4.1115,4.0796,4.0567,4.0445,4.0263,4.0128,4.0095,4.0065,4.0046,4.0039,4.0034,4.0024,4.0019
154,11.4058,10.6825,5.8387,4.7744,4.432,4.286,4.1724,4.1017,4.0755,4.0545,4.0427,4.0261,4.0134,4.0094,4.0072,4.0053,4.0041,4.0038,4.0033,4.0024
155,11.5451,10.7454,5.3309,4.6987,4.4085,4.2709,4.1609,4.0955,4.0741,4.0546,4.0425,4.0265,4.0134,4.0086,4.0072,4.0061,4.0055,4.0052,4.0046,4.0039
156,11.95,10.9454,5.2591,4.7215,4.4108,4.2675,4.1587,4.0943,4.0745,4.0548,4.0398,4.0204,4.0124,4.0106,4.0095,4.0086,4.008,4.0075,4.0071,4.0064
157,12.3674,11.0914,5.7946,4.8484,4.4685,4.285,4.1707,4.1024,4.0793,4.0535,4.0288,4.0176,4.0153,4.0143,4.0131,4.0125,4.0116,4.0111,4.0107,4.0105
158,12.4901,11.4278,6.2754,4.9979,4.5537,4.3136,4.1895,4.1161,4.0821,4.0387,4.0276,4.0235,4.0207,4.0189,4.0178,4.017,4.0163,4.0155,4.0151,4.0141
159,12.7864,12.2203,6.5241,5.1395,4.6289,4.343,4.2078,4.1278,4.0689,4.0412,4.0316,4.0268,4.0241,4.0221,4.0207,4.0195,4.0187,4.018,4.0172,4.0166
160,13.2703,12.231,6.4305,5.0766,4.5837,4.3162,4.1931,4.1176,4.0541,4.0472,4.0329,4.0247,4.0208,4.019,4.0182,4.0168,4.0163,4.0151,4.0149,4.0147
161,13.8155,12.1746,6.3592,5.067,4.5615,4.2968,4.1792,4.1062,4.0508,4.0414,4.0262,4.0209,4.0172,4.016,4.0149,4.014,4.0137,4.0131,4.0127,4.0125
162,14.0512,12.1144,6.4611,5.0839,4.5829,4.2925,4.1766,4.1004,4.0495,4.0366,4.021,4.0183,4.0165,4.0156,4.0146,4.0139,4.0136,4.0135,4.0131,4.0131
163,14.4282,12.3307,6.7934,5.1643,4.6494,4.3108,4.1869,4.102,4.0443,4.0303,4.0228,4.0193,4.0175,4.0166,4.0153,4.0149,4.0143,4.0136,4.0134,4.0133
164,14.7935,12.3463,6.8346,5.1427,4.646,4.2965,4.177,4.0663,4.0446,4.0351,4.0276,4.0226,4.0198,4.018,4.0171,4.0161,4.0155,4.015,4.0145,4.0137
165,14.6933,12.5319,6.8433,5.2046,4.7244,4.3123,4.176,4.0562,4.0442,4.0386,4.0343,4.0276,4.0234,4.0217,4.0208,4.0201,4.0193,4.0188,4.0184,4.0178
166,14.5322,12.7876,6.7409,5.3795,4.8747,4.3521,4.1894,4.0605,4.05,4.0429,4.0354,4.0314,4.0295,4.0284,4.0276,4.0272,4.0267,4.0263,4.0259,4.0256
167,14.8351,13.0584,7.0375,5.6885,5.0208,4.4112,4.2025,4.0648,4.0553,4.0503,4.0405,4.0386,4.0376,4.037,4.0366,4.0361,4.0357,4.0355,4.0355,4.0353
168,15.051,12.9119,7.1979,5.8733,5.0274,4.4183,4.1835,4.0648,4.0577,4.0539,4.0481,4.0463,4.0453,4.0447,4.0442,4.0437,4.0434,4.0432,4.0432,4.043
169,15.2885,12.8202,7.3787,5.9575,5.0059,4.4168,4.1478,4.0866,4.061,4.055,4.0519,4.0503,4.0491,4.0477,4.0473,4.0467,4.0458,4.0457,4.0456,4.0453
170,14.9446,13.2401,7.5109,6.0048,4.9688,4.4084,4.1279,4.0912,4.0768,4.0546,4.0495,4.048,4.0467,4.0458,4.0448,4.0443,4.0441,4.0439,4.0439,4.0437
171,15.0944,13.2473,7.3686,6.0107,4.9482,4.3972,4.1206,4.0967,4.074,4.0516,4.0477,4.0469,4.0458,4.045,4.0445,4.0442,4.044,4.044,4.0441,4.0439
172,15.4373,13.7109,7.3807,6.0425,4.9617,4.3909,4.1071,4.0931,4.0804,4.0532,4.051,4.0496,4.0489,4.0478,4.0473,4.0468,4.0462,4.0461,4.046,4.0455
173,14.8468,14.3116,7.3161,6.0234,4.9115,4.3759,4.1032,4.0863,4.0758,4.0503,4.0487,4.0473,4.046,4.0448,4.0439,4.0432,4.0428,4.0425,4.0425,4.0421
174,12.7011,12.6557,8.4361,6.1042,4.9016,4.4019,4.1281,4.0859,4.0632,4.0456,4.0436,4.0422,4.0407,4.0393,4.0386,4.0383,4.0381,4.0381,4.0382,4.0382
175,12.7892,12.1945,9.0742,6.3778,5.001,4.4563,4.1433,4.1054,4.0653,4.0483,4.0474,4.0472,4.0469,4.0466,4.0465,4.0466,4.0467,4.0468,4.0469,4.0469
176,13.1368,12.2597,9.5456,6.935,5.3064,4.6362,4.3076,4.1521,4.0731,4.0659,4.0654,4.0656,4.0662,4.0667,4.0672,4.0678,4.0685,4.0691,4.0695,4.0694
177,13.3026,12.6588,9.6845,7.0642,5.4383,4.7454,4.4303,4.2145,4.1024,4.0892,4.0872,4.0873,4.0875,4.088,4.0883,4.0888,4.0892,4.0898,4.0902,4.0901
178,12.8742,12.822,9.7445,6.913,5.3764,4.7233,4.4267,4.2107,4.0969,4.0866,4.0864,4.0867,4.087,4.0874,4.0877,4.0882,4.0888,4.0891,4.0896,4.0895
179,13.0242,12.807,9.7086,6.8334,5.3131,4.7005,4.4089,4.2025,4.0871,4.0843,4.0843,4.0846,4.0848,4.0851,4.0853,4.0857,4.086,4.0862,4.0864,4.0859
180,13.4125,12.8618,10.0834,7.1195,5.5143,4.8018,4.4669,4.2543,4.1084,4.0974,4.097,4.0965,4.0963,4.0962,4.0962,4.0962,4.0964,4.0966,4.0966,4.0958
181,13.7583,13.4199,10.5081,7.4787,5.7537,4.9318,4.5449,4.3196,4.149,4.1169,4.1143,4.1119,4.11,4.1096,4.1093,4.1092,4.1093,4.1092,4.1088,4.1073
182,14.2374,13.6175,10.2934,7.284,5.7771,4.9531,4.5656,4.3431,4.1825,4.1313,4.1273,4.1251,4.1216,4.1213,4.1211,4.1209,4.1209,4.1206,4.1197,4.1178
183,14.6075,13.8865,10.5186,7.3661,5.9346,5.0593,4.643,4.4084,4.2482,4.1614,4.1537,4.1462,4.1428,4.1423,4.1419,4.1417,4.1417,4.1413,4.1398,4.1373
184,14.8619,14.249,10.6224,7.4051,6.1068,5.1749,4.7338,4.4874,4.323,4.2135,4.1829,4.1751,4.1714,4.1707,4.17,4.1698,4.1697,4.1695,4.1673,4.1634
185,15.2846,14.1821,10.6386,7.2387,6.1123,5.1703,4.7519,4.5137,4.3573,4.2497,4.2002,4.1931,4.1903,4.1894,4.1887,4.1883,4.1879,4.1876,4.1845,4.1789
186,15.7283,14.2642,10.5829,7.3131,6.2473,5.2692,4.8222,4.5673,4.4041,4.2919,4.2263,4.2084,4.2069,4.2051,4.2041,4.2038,4.2033,4.203,4.1988,4.194
187,16.0741,14.8658,10.4047,7.3216,6.3283,5.3221,4.8763,4.6154,4.451,4.3352,4.2605,4.2258,4.224,4.2221,4.2214,4.2208,4.2204,4.2198,4.2164,4.2123
188,16.4763,15.515,10.647,7.6932,6.6474,5.5854,5.0559,4.7455,4.5547,4.4174,4.3201,4.2588,4.2548,4.2534,4.2527,4.2519,4.2514,4.2502,4.2478,4.2414
189,17.0759,15.7559,10.74,7.7765,6.721,5.6557,5.1267,4.8076,4.6147,4.4721,4.3627,4.2889,4.2803,4.2792,4.2784,4.2772,4.2762,4.2748,4.2723,4.2625
190,17.4758,15.9207,10.9372,7.9395,6.8578,5.8229,5.2503,4.9069,4.6974,4.5409,4.4143,4.3263,4.3133,4.311,4.3092,4.3076,4.3061,4.3042,4.3006,4.2876
191,17.8191,16.0545,11.0423,7.914,6.7899,5.8134,5.263,4.9324,4.7281,4.5734,4.447,4.3519,4.3329,4.3281,4.3254,4.3228,4.3204,4.3178,4.3122,4.291
192,18.2917,16.1726,11.1556,7.895,6.6898,5.8095,5.2558,4.9188,4.7126,4.5611,4.437,4.3422,4.3224,4.3163,4.3127,4.3096,4.3056,4.3019,4.2927,4.2592
193,18.7245,16.252,11.1802,7.7221,6.4309,5.6208,5.1109,4.8058,4.6199,4.4869,4.383,4.3029,4.2872,4.2818,4.2779,4.2747,4.2708,4.2669,4.2535,4.2071
194,19.0594,16.1343,10.9984,7.5453,6.1725,5.4257,4.9627,4.6831,4.5159,4.402,4.3165,4.2499,4.2369,4.2334,4.2299,4.2269,4.2234,4.2198,4.2042,4.1542
195,19.4345,16.133,11.1432,7.5038,5.9839,5.2407,4.8168,4.5697,4.4259,4.3304,4.262,4.2104,4.2012,4.1995,4.1973,4.1947,4.1916,4.1889,4.1738,4.1226
196,20.0027,16.1424,11.1515,7.3631,5.8265,5.1256,4.7346,4.5085,4.3791,4.2941,4.2341,4.1888,4.1788,4.1785,4.1781,4.1758,4.1729,4.1699,4.157,4.1059
197,20.4594,16.1915,11.5132,7.4587,5.8078,5.1094,4.7107,4.4885,4.363,4.283,4.2264,4.1861,4.1752,4.1753,4.1755,4.1748,4.1716,4.1679,4.1566,4.099
198,20.852,16.2996,11.5947,7.3167,5.7244,5.1039,4.7113,4.4944,4.3705,4.2915,4.2355,4.1961,4.1824,4.1819,4.1821,4.1821,4.18,4.1756,4.1648,4.0965
199,21.1941,16.3535,11.7546,7.5395,5.833,5.1558,4.74,4.5148,4.3858,4.3055,4.247,4.2088,4.1936,4.193,4.1931,4.1932,4.1928,4.1881,4.1767,4.0944
200,21.498,16.3843,11.7736,7.3557,5.7218,5.098,4.7018,4.4861,4.363,4.2875,4.2334,4.2018,4.1889,4.1887,4.1888,4.1889,4.1886,4.1845,4.1721,4.0894
201,21.3995,16.371,11.7185,7.4187,5.8352,5.1501,4.7335,4.502,4.3743,4.2962,4.24,4.2101,4.1977,4.1976,4.1976,4.1977,4.1974,4.1927,4.1793,4.0893
202,21.2718,16.4814,11.599,7.3272,5.8149,5.1139,4.7221,4.4885,4.3664,4.2877,4.2336,4.2089,4.1994,4.1994,4.1994,4.1996,4.1994,4.1913,4.1536,4.111
203,21.3658,16.4315,11.3417,7.2466,5.7787,5.0445,4.6682,4.4444,4.3394,4.2676,4.2192,4.2006,4.1957,4.1956,4.1956,4.1957,4.1956,4.1866,4.1343,4.1213
204,21.5368,16.3859,11.3883,7.1357,5.7785,5.0308,4.6583,4.4386,4.3374,4.2661,4.2208,4.2052,4.2012,4.2007,4.2008,4.2009,4.2009,4.1944,4.1462,4.1146
205,22.0568,16.654,11.5639,7.0815,5.8476,5.0553,4.6873,4.4644,4.3612,4.2877,4.2433,4.2288,4.2241,4.2232,4.223,4.2231,4.223,4.2181,4.178,4.1126
206,22.4299,16.6713,11.6926,7.3234,5.9795,5.1211,4.7407,4.5094,4.3948,4.3148,4.2669,4.2508,4.2435,4.2413,4.2407,4.2407,4.2407,4.2356,4.1982,4.1181
207,22.5538,16.6928,11.5885,7.4884,6.0436,5.1705,4.7878,4.5577,4.4332,4.3457,4.2955,4.2775,4.2675,4.2648,4.2634,4.2633,4.2633,4.2589,4.218,4.1327
208,22.6891,17.1994,12.0554,8.2225,6.4993,5.5056,5.0201,4.742,4.5758,4.4587,4.3865,4.3555,4.3375,4.3308,4.3248,4.3238,4.3235,4.3189,4.2687,4.1564
209,22.9775,17.3238,12.1807,8.5643,6.7857,5.7549,5.1989,4.8925,4.7027,4.5702,4.4848,4.4423,4.4155,4.4036,4.3933,4.3916,4.3906,4.3839,4.3279,4.1777
210,23.1439,17.7735,12.3847,8.9404,7.1064,5.969,5.3413,5.0046,4.7891,4.6426,4.5453,4.495,4.4613,4.4455,4.4312,4.428,4.4264,4.4156,4.3561,4.1906
211,23.3079,17.757,12.2922,9.0124,7.1584,5.961,5.3156,4.9862,4.7766,4.6351,4.5429,4.4939,4.459,4.4417,4.4297,4.4287,4.4275,4.4137,4.359,4.1915
212,23.5699,17.6326,12.1754,9.01,7.1913,5.9613,5.2883,4.9487,4.741,4.603,4.5155,4.4713,4.4404,4.4251,4.4163,4.4162,4.4151,4.3984,4.3429,4.1756
213,23.7536,17.7067,12.179,8.935,7.0781,5.8105,5.1629,4.8422,4.6558,4.5346,4.4622,4.4271,4.4028,4.3886,4.3827,4.3827,4.382,4.367,4.3178,4.1483
214,23.9708,17.9675,12.2024,8.8701,6.9775,5.6955,5.0818,4.772,4.5995,4.488,4.4243,4.394,4.3761,4.3656,4.3616,4.3616,4.3608,4.3485,4.304,4.1244
215,24.1773,18.177,12.2439,8.8361,6.849,5.5463,4.9822,4.6957,4.5414,4.4426,4.3894,4.3631,4.3478,4.3381,4.3343,4.3341,4.334,4.3261,4.2896,4.1133
216,24.5394,18.3339,12.277,8.8561,6.8313,5.5332,4.9847,4.697,4.5432,4.4464,4.3941,4.3678,4.3527,4.3426,4.3374,4.3365,4.3365,4.3302,4.301,4.1172
217,24.8971,18.601,12.5471,9.0278,6.9116,5.5676,5.0261,4.7324,4.5715,4.4696,4.4127,4.3835,4.3668,4.3545,4.3467,4.3457,4.3457,4.3392,4.3154,4.1264
218,25.271,19.0357,12.7983,9.1392,6.9753,5.6291,5.0886,4.7851,4.6136,4.5062,4.445,4.4121,4.3935,4.3793,4.3694,4.3662,4.3656,4.3569,4.3392,4.1389
219,25.2696,19.1579,12.8132,9.0892,6.9001,5.6182,5.1138,4.8114,4.6305,4.5186,4.4535,4.4169,4.3958,4.3816,4.3716,4.3664,4.3663,4.3572,4.345,4.1489
220,25.4984,19.3045,12.7674,8.9862,6.8255,5.6079,5.1335,4.8364,4.6526,4.5371,4.468,4.427,4.4043,4.3905,4.3805,4.3753,4.3753,4.3667,4.3597,4.1635
221,25.609,19.3433,12.9073,9.1515,6.973,5.7379,5.235,4.9245,4.7244,4.5946,4.5165,4.4661,4.4379,4.4218,4.4099,4.4032,4.4029,4.3937,4.3908,4.1823
222,25.7124,19.4143,12.985,9.226,7.0534,5.8083,5.309,4.9992,4.792,4.6552,4.5728,4.517,4.4829,4.4631,4.4491,4.4406,4.4401,4.4281,4.4261,4.202
223,25.5626,18.9455,12.7222,9.2606,7.2,5.9433,5.4121,5.0922,4.8747,4.7279,4.6386,4.5776,4.5373,4.5124,4.4957,4.4851,4.4847,4.4711,4.4649,4.2199
224,25.7357,19.147,12.7958,9.356,7.3569,6.0755,5.5028,5.1676,4.9439,4.7904,4.6955,4.6311,4.5856,4.5569,4.5393,4.527,4.5263,4.5125,4.4979,4.2348
225,25.8304,19.2548,12.6962,9.4439,7.5123,6.2109,5.5839,5.2281,4.9937,4.8293,4.7253,4.6555,4.6051,4.5737,4.5561,4.5424,4.542,4.5323,4.5107,4.2429
226,25.7712,19.4575,12.7046,9.455,7.566,6.3001,5.6559,5.2858,5.04,4.8627,4.7477,4.6714,4.6163,4.5825,4.5648,4.5533,4.5531,4.5491,4.5206,4.2472
227,25.9523,19.7237,12.8899,9.6902,7.8153,6.5468,5.844,5.4389,5.168,4.9653,4.8252,4.7323,4.6645,4.6222,4.6007,4.589,4.5885,4.588,4.5551,4.2596
228,25.8421,19.8615,13.1233,9.9627,8.0739,6.8508,6.0876,5.6382,5.3329,5.101,4.9326,4.8195,4.736,4.6835,4.6565,4.6445,4.6439,4.6436,4.6014,4.2731
229,25.4502,19.9099,13.2919,10.1632,8.2158,7.068,6.2623,5.7888,5.4647,5.2143,5.0259,4.8942,4.7959,4.7335,4.7009,4.6848,4.6833,4.6798,4.6264,4.2886
230,25.0016,19.8398,13.3085,10.3256,8.4033,7.362,6.5302,5.9999,5.6354,5.3583,5.1476,4.9941,4.8788,4.8058,4.7642,4.7402,4.7356,4.7263,4.6594,4.3203
231,24.4871,19.7153,13.1455,10.3408,8.4523,7.4408,6.6246,6.0759,5.7015,5.4216,5.2082,5.0452,4.9221,4.8417,4.7941,4.7652,4.7543,4.7379,4.6652,4.3349
232,24.3766,19.6864,12.9311,10.2521,8.4403,7.4646,6.7005,6.1561,5.7733,5.4886,5.2717,5.1008,4.9724,4.886,4.8322,4.7983,4.781,4.7577,4.6806,4.3592
233,24.0907,19.9423,13.0462,10.2924,8.4683,7.4568,6.7073,6.1633,5.7824,5.503,5.2931,5.1248,4.999,4.9128,4.8573,4.8193,4.798,4.7705,4.6906,4.383
234,23.5287,20.4016,13.3127,10.3122,8.4757,7.4458,6.7259,6.197,5.8229,5.5463,5.3391,5.1716,5.0454,4.9564,4.8978,4.8555,4.8295,4.797,4.7124,4.4218
235,23.4019,20.6235,13.5745,10.5162,8.6539,7.5616,6.8295,6.2942,5.9162,5.6331,5.4241,5.2565,5.1317,5.0415,4.98,4.934,4.9029,4.8658,4.7787,4.5222
236,23.3315,20.769,13.5523,10.5477,8.6922,7.5985,6.8833,6.3668,5.9959,5.7118,5.5024,5.3336,5.2044,5.1086,5.0414,4.989,4.955,4.9184,4.8373,4.6316
237,22.5862,20.8803,13.4342,10.4564,8.6302,7.5561,6.8415,6.3188,5.9386,5.6524,5.443,5.2791,5.1562,5.0669,5.0049,4.9565,4.9277,4.8988,4.8318,4.6464
238,22.4074,21.0966,13.4212,10.2792,8.4308,7.3667,6.658,6.1423,5.7667,5.4906,5.2917,5.1396,5.0247,4.94,4.885,4.8369,4.8127,4.7935,4.743,4.5353
239,22.357,21.0993,13.1312,10.0433,8.2329,7.1852,6.4767,5.9628,5.5913,5.3245,5.1397,5.0028,4.9021,4.8289,4.786,4.7451,4.7266,4.7135,4.6759,4.4504
240,22.0637,21.1735,12.8782,10.0138,8.2763,7.2255,6.4979,5.9797,5.6071,5.3411,5.1563,5.0185,4.9172,4.8415,4.7981,4.7545,4.7356,4.7234,4.6925,4.4491
241,22.175,20.9876,12.8846,10.3021,8.5293,7.4821,6.7506,6.2352,5.8467,5.5583,5.3535,5.1954,5.075,4.9792,4.9226,4.8659,4.8382,4.823,4.7989,4.5309
242,22.2736,20.7535,13.2232,10.5713,8.6984,7.6763,6.9159,6.3815,5.9767,5.676,5.465,5.3018,5.1777,5.0741,5.0121,4.9449,4.9052,4.8844,4.8602,4.5875
243,21.4229,20.5068,13.3327,10.5443,8.6639,7.6755,6.919,6.4102,6.0168,5.7182,5.5047,5.338,5.2099,5.1042,5.0389,4.9697,4.9226,4.8927,4.8591,4.59
244,20.7803,20.1972,13.5921,10.6801,8.8502,7.8183,7.0504,6.5323,6.1321,5.8272,5.6058,5.4315,5.2996,5.192,5.1245,5.0555,4.9966,4.9532,4.9114,4.6458
245,20.0414,19.758,13.5338,10.6105,8.8917,7.8576,7.1154,6.6045,6.2084,5.9095,5.6896,5.5136,5.3794,5.2681,5.1931,5.1248,5.0628,5.0092,4.9574,4.7126
246,19.5367,19.0921,13.696,10.635,9.0452,8.0216,7.2974,6.7767,6.3628,6.0462,5.8109,5.6232,5.4815,5.3679,5.2849,5.2156,5.1547,5.0938,5.0275,4.8007
247,19.4237,18.5958,13.6478,10.6423,9.1294,8.1178,7.4076,6.8873,6.4746,6.1556,5.9085,5.7135,5.567,5.4503,5.359,5.2842,5.2216,5.1567,5.0834,4.8821
248,19.8574,18.492,13.9409,10.7264,9.2163,8.2147,7.5083,6.9893,6.587,6.2721,6.0207,5.8192,5.6647,5.541,5.4458,5.3675,5.3035,5.2333,5.1534,4.9561
249,20.2964,18.5509,14.2118,10.6996,9.1561,8.1832,7.4965,6.9897,6.5994,6.2936,6.0519,5.8567,5.7093,5.5861,5.4936,5.4167,5.3544,5.2855,5.2154,5.037
250,20.5833,18.6519,14.5675,10.7725,9.088,8.1353,7.4603,6.9754,6.6042,6.3123,6.0811,5.8936,5.751,5.6281,5.5376,5.463,5.403,5.3396,5.2732,5.061
251,20.6723,18.8324,14.8162,10.775,8.9366,8.0071,7.3566,6.8977,6.5383,6.2536,6.0288,5.8478,5.7119,5.5964,5.5139,5.4441,5.3843,5.3314,5.2685,5.0048
252,20.7313,18.9249,14.9155,10.9835,8.9797,7.9856,7.3196,6.8648,6.5109,6.2294,6.0062,5.8218,5.6828,5.5621,5.4715,5.4002,5.3434,5.2965,5.2413,4.8687
253,20.8059,19.117,14.9279,10.9125,8.86,7.8552,7.1831,6.7371,6.3792,6.0922,5.8699,5.6882,5.5538,5.4423,5.3572,5.2936,5.2465,5.2068,5.1655,4.7471
254,20.7636,19.6358,14.1205,10.596,8.8628,7.828,7.081,6.6207,6.2589,5.9773,5.7623,5.5891,5.4583,5.3477,5.2602,5.1963,5.1551,5.1188,5.0937,4.6625
255,21.0292,19.7501,13.8779,10.2953,9.0259,7.9489,7.271,6.8098,6.4335,6.1539,5.9233,5.7409,5.6021,5.4912,5.4068,5.3478,5.3068,5.26,5.2359,4.7784
256,21.2023,19.7316,14.2697,10.8154,9.3779,8.2218,7.5939,7.0842,6.7137,6.4289,6.1875,5.9963,5.8391,5.7129,5.6197,5.5544,5.5077,5.4464,5.4034,4.9511
257,21.3821,19.4654,14.7736,11.1526,9.4901,8.3701,7.6671,7.146,6.7825,6.4962,6.256,6.0678,5.9121,5.7905,5.71,5.6626,5.6277,5.5629,5.4952,5.0523
258,21.0339,20.1316,15.2061,11.4856,9.7277,8.6309,7.825,7.2658,6.8479,6.5372,6.285,6.0886,5.9278,5.8037,5.713,5.6543,5.6186,5.5532,5.4623,5.0577
259,19.852,19.8079,16.0392,12.1939,10.2359,9.0132,8.1327,7.5282,7.0515,6.705,6.4247,6.2092,6.0351,5.9024,5.7956,5.7102,5.6439,5.5596,5.4545,5.1611
260,18.5899,18.5734,17.5413,13.0109,11.0532,9.624,8.7005,8.0189,7.4877,7.0884,6.7708,6.5249,6.3186,6.1654,6.0345,5.9274,5.8257,5.7252,5.6631,5.5857
261,18.9661,18.9668,17.856,13.9011,11.7317,10.2045,9.2293,8.4943,7.9266,7.4859,7.1396,6.8594,6.6376,6.459,6.2993,6.1505,6.0375,5.9186,5.8963,5.8933
262,20.091,19.9545,18.2432,14.4426,12.3059,10.7651,9.8049,9.0483,8.4649,8.0195,7.6474,7.3407,7.0844,6.863,6.6624,6.4768,6.3301,6.1892,6.157,6.1432
263,20.4193,20.3576,18.4573,15.0004,12.6548,11.0438,10.04,9.2755,8.6873,8.2281,7.8548,7.5473,7.2898,7.0551,6.8489,6.6545,6.4971,6.329,6.2908,6.2628
264,20.0724,20.075,18.1326,14.8524,12.6405,10.996,9.9961,9.2337,8.6655,8.205,7.8232,7.521,7.2639,7.026,6.8279,6.6442,6.5045,6.3754,6.3201,6.1191
265,19.5096,19.5062,17.9106,14.4461,11.9769,10.2967,9.3352,8.6169,8.1017,7.683,7.3472,7.0923,6.8742,6.6857,6.5176,6.3865,6.3031,6.249,6.1631,5.4656
266,19.3821,19.3825,17.9575,14.3641,11.7826,9.9512,8.9332,8.1845,7.6888,7.296,6.9797,6.7363,6.5337,6.3759,6.2441,6.1533,6.1017,6.0681,5.9762,5.1292
267,19.4437,19.4168,18.5639,15.107,12.5406,10.6117,9.4196,8.5506,7.9746,7.5168,7.1583,6.8845,6.6753,6.5191,6.3812,6.2694,6.2087,6.1818,6.1342,5.2558
268,19.3547,19.2849,18.3123,15.5727,13.1871,11.2387,9.9623,9.0195,8.3829,7.9044,7.5224,7.1961,6.9378,6.7458,6.5928,6.4721,6.397,6.3601,6.2944,5.4287
269,19.221,19.1866,18.1991,15.8095,13.1783,11.1398,9.7786,8.7798,8.1382,7.6444,7.2431,6.8886,6.6012,6.4087,6.2732,6.1786,6.1127,6.0851,5.9975,5.0756
270,19.1962,19.1379,17.9213,15.6145,13.0276,11.0251,9.6218,8.5743,7.8631,7.3585,6.9931,6.6862,6.4086,6.2119,6.0741,5.993,5.9363,5.9081,5.8451,4.957
271,19.0693,19.0284,17.8537,15.6634,13.1791,11.272,9.8328,8.7919,8.0544,7.5297,7.1401,6.8073,6.5175,6.3243,6.1845,6.1012,6.0513,6.0086,5.9349,4.9846
272,18.8568,18.8305,17.6291,15.4231,12.9785,11.09,9.6287,8.5869,7.8578,7.3486,6.9712,6.6657,6.4379,6.3054,6.2049,6.137,6.087,6.0053,5.8428,4.8337
273,18.6934,18.7062,17.5758,15.3513,12.8988,10.9889,9.5245,8.4436,7.7261,7.2413,6.8608,6.5841,6.3879,6.2772,6.2021,6.1394,6.0717,5.9506,5.749,4.7189
274,18.4562,18.4653,17.4983,15.3006,12.9885,11.1239,9.6584,8.5552,7.8224,7.3186,6.9322,6.6769,6.5057,6.4122,6.3392,6.2669,6.1864,6.0517,5.8227,4.706
275,18.262,18.2873,17.5412,15.2285,12.8905,11.0583,9.6048,8.5094,7.7892,7.2848,6.9646,6.774,6.6231,6.5244,6.4261,6.3157,6.1967,6.0287,5.7552,4.6529
276,18.1304,18.1563,17.3369,14.8041,12.4389,10.5922,9.1531,8.1369,7.4836,7.0377,6.7769,6.6097,6.4727,6.3605,6.2464,6.1349,6.0215,5.8674,5.6238,4.6862
277,17.9768,17.9806,17.1775,14.5035,12.2268,10.3957,8.9565,7.9954,7.3644,6.9425,6.6708,6.4902,6.3503,6.2321,6.1145,6.0031,5.8913,5.7619,5.5979,4.7653
278,17.7942,17.8119,17.0016,14.4052,12.2879,10.4282,8.9765,8.0451,7.3961,6.9406,6.6335,6.4357,6.3005,6.1904,6.0785,5.9792,5.882,5.7683,5.651,4.8417
279,17.5417,17.5652,16.9598,14.4688,12.4549,10.6389,9.1715,8.2344,7.5816,7.0934,6.7639,6.5538,6.401,6.2801,6.1566,6.0498,5.9464,5.826,5.707,4.8928
280,17.3048,17.3189,16.9647,14.4556,12.4487,10.642,9.1891,8.278,7.6054,7.0795,6.7358,6.5238,6.3669,6.243,6.1254,6.0278,5.9308,5.8159,5.6953,4.9102
281,17.0863,17.0965,16.927,14.3663,12.4733,10.7831,9.4298,8.5862,7.8944,7.3128,6.9121,6.6706,6.4987,6.3713,6.2504,6.1506,6.0533,5.9357,5.8033,4.9709
282,16.7882,16.8174,16.7898,14.6035,12.7773,11.1882,9.8807,8.9524,8.2316,7.6227,7.1853,6.9118,6.7187,6.5826,6.4578,6.3525,6.2496,6.1292,5.9675,5.0542
283,16.427,16.4687,16.4428,14.4909,12.6376,11.1139,9.8856,8.873,8.117,7.5106,7.0886,6.8342,6.6492,6.5127,6.3922,6.2918,6.1926,6.0729,5.8937,5.0202
284,16.0794,16.1236,16.1204,14.4475,12.5706,11.0196,9.7994,8.7695,7.9991,7.4061,7.0275,6.7979,6.6224,6.4894,6.3745,6.2723,6.1716,6.0488,5.8383,4.9588
285,15.7425,15.7496,15.7499,14.4148,12.4127,10.8439,9.6163,8.5781,7.8035,7.2602,6.9316,6.7189,6.5424,6.409,6.2939,6.1895,6.0894,5.9703,5.7339,4.8768
286,15.4572,15.4618,15.3932,14.4149,12.3535,10.849,9.6655,8.6917,7.9765,7.438,7.0672,6.8106,6.6076,6.4611,6.342,6.241,6.1464,6.0466,5.8627,4.9688
287,15.4733,15.475,15.3242,14.636,12.7736,11.4136,10.3003,9.3862,8.7059,8.1719,7.7481,7.416,7.1485,6.9543,6.802,6.6812,6.5788,6.4853,6.2841,5.4421
288,15.2998,15.3331,15.271,14.5912,12.9125,11.5264,10.424,9.5309,8.8456,8.3234,7.9037,7.5665,7.2884,7.0773,6.9166,6.7984,6.7016,6.6103,6.385,5.6361
289,15.1815,15.1972,15.1584,14.4881,12.8627,11.4428,10.348,9.4395,8.7208,8.1767,7.7464,7.4101,7.1255,6.912,6.7492,6.638,6.5639,6.4791,6.2804,5.5612
290,15.0974,15.1189,15.1101,14.5427,13.0018,11.5763,10.4772,9.5443,8.8147,8.2477,7.79,7.4429,7.1528,6.9292,6.7574,6.6442,6.5727,6.4867,6.302,5.62
291,15.069,15.0799,15.0754,14.4709,13.0354,11.6951,10.6474,9.7399,9.0151,8.4329,7.9438,7.5665,7.2595,7.0213,6.8346,6.7087,6.6393,6.564,6.405,5.7614
292,15.0417,15.0618,15.0219,14.384,12.8666,11.4829,10.3926,9.489,8.7415,8.1516,7.6734,7.2977,7.0042,6.7784,6.6116,6.4901,6.4017,6.3358,6.1925,5.4168
293,14.9422,14.9849,14.9679,14.2246,12.5845,11.1506,10.0181,9.1056,8.334,7.7303,7.2565,6.8983,6.6311,6.433,6.2918,6.1856,6.1063,6.0569,5.9367,5.1355
294,14.8183,14.8499,14.8261,14.0974,12.4444,11.0536,9.923,8.9986,8.2102,7.593,7.1153,6.768,6.5121,6.3242,6.1907,6.0906,6.0178,5.9733,5.8844,5.1055
295,14.7306,14.7369,14.733,14.1598,12.7207,11.3842,10.2904,9.3822,8.6128,7.9827,7.4666,7.0776,6.7815,6.5485,6.3763,6.2523,6.1707,6.1246,6.066,5.2509
296,14.6178,14.6258,14.6235,14.2214,13.0779,11.7981,10.7674,9.9013,9.1736,8.5684,8.0686,7.6608,7.314,7.0258,6.8,6.6324,6.5123,6.4378,6.3934,5.6583
297,14.3251,14.3444,14.3519,14.0835,12.9448,11.7094,10.7556,9.9163,9.2028,8.5973,8.1068,7.7096,7.3647,7.0625,6.8153,6.6392,6.517,6.4394,6.3868,5.6845
298,13.9276,13.9465,13.9379,13.7894,12.5518,11.3266,10.3874,9.5203,8.7775,8.1484,7.6416,7.2428,6.9247,6.6606,6.4521,6.31,6.2166,6.1514,6.0873,5.3777
299,13.7154,13.7415,13.7425,13.5671,12.4302,11.2666,10.3183,9.4612,8.7461,8.1254,7.6091,7.1946,6.8731,6.606,6.3928,6.2462,6.1568,6.09,6.0386,5.3446
300,13.5542,13.5786,13.5768,13.3908,12.4339,11.4099,10.5501,9.7416,9.0423,8.4222,7.8965,7.4646,7.1268,6.8491,6.6179,6.4447,6.336,6.2587,6.214,5.5609
301,13.3567,13.3909,13.3878,13.2402,12.4214,11.4561,10.6177,9.856,9.1854,8.5855,8.0601,7.617,7.2746,7.0019,6.7568,6.5525,6.4265,6.3481,6.2987,5.6765
302,13.0338,13.0511,13.0567,13.0135,12.2273,11.2701,10.4284,9.6821,9.0175,8.4264,7.9016,7.4533,7.1087,6.8491,6.6198,6.4228,6.3031,6.234,6.1667,5.5226
303,12.7727,12.7897,12.7924,12.7477,11.9246,10.9319,10.0724,9.3274,8.6826,8.1216,7.6231,7.2064,6.8852,6.6397,6.4258,6.2554,6.1496,6.0839,6.0007,5.3321
304,12.8363,12.8356,12.8093,12.7437,11.9295,10.8619,10.0366,9.3231,8.7096,8.185,7.7274,7.3376,7.0192,6.758,6.5263,6.3188,6.194,6.1134,6.0654,5.4075
305,12.8471,12.8539,12.8067,12.6512,11.9865,11.0607,10.2674,9.57,8.9854,8.4855,8.0626,7.7008,7.393,7.1239,6.8828,6.638,6.4769,6.3644,6.3153,5.701
306,12.5861,12.6087,12.6115,12.5503,12.0361,11.2397,10.4449,9.7516,9.1852,8.7109,8.3197,7.9841,7.6878,7.422,7.1827,6.9322,6.7458,6.6043,6.5288,5.9672
307,12.3888,12.4068,12.407,12.3595,11.9239,11.1333,10.2948,9.6344,9.0938,8.6397,8.2559,7.9215,7.6152,7.3447,7.1157,6.8932,6.7282,6.5951,6.5184,5.9809
308,12.4144,12.4191,12.4177,12.2545,11.7448,10.9814,10.1426,9.564,9.0687,8.6562,8.2919,7.9721,7.68,7.4052,7.1646,6.9369,6.7724,6.6175,6.5009,5.9871
309,12.4402,12.4421,12.4373,12.2727,11.8111,11.0931,10.4088,9.855,9.3665,8.9687,8.6234,8.3135,8.0372,7.778,7.5496,7.3114,7.1195,6.9195,6.7499,6.3997
310,12.2776,12.2952,12.2981,12.2808,11.8734,11.2582,10.659,10.0852,9.59,9.187,8.841,8.5315,8.259,8.006,7.7968,7.5804,7.3841,7.148,6.9523,6.6943
311,12.0542,12.079,12.0773,12.0613,11.7273,11.1189,10.5543,10.0165,9.5527,9.151,8.8041,8.4973,8.2292,7.9769,7.7597,7.5422,7.3588,7.1326,6.9404,6.6918
312,11.9417,11.965,11.9669,11.9582,11.6778,11.1042,10.5493,10.0443,9.5926,9.1987,8.8536,8.5404,8.2627,8.0044,7.7903,7.5751,7.3903,7.1599,6.9596,6.72
313,12.0003,12.0036,12.0032,11.9431,11.6745,11.1129,10.6076,10.1098,9.68,9.2854,8.937,8.6211,8.3386,8.069,7.8418,7.6168,7.4312,7.2025,7.0026,6.7883
314,11.9292,11.9309,11.9284,11.8122,11.5401,11.0802,10.6443,10.1901,9.8025,9.4384,9.1085,8.8046,8.5255,8.2455,8.0009,7.7531,7.5399,7.2863,7.0891,6.9336
315,11.5194,11.5393,11.5434,11.5404,11.4464,11.0215,10.639,10.246,9.8552,9.5007,9.1917,8.9028,8.6351,8.3673,8.1197,7.8681,7.6496,7.4059,7.2328,7.0632
316,11.2661,11.2778,11.2806,11.2802,11.1958,10.6862,10.274,9.8659,9.4964,9.1634,8.8657,8.5895,8.341,8.0943,7.8581,7.614,7.3999,7.1618,6.9983,6.6892
317,10.9227,10.9637,10.9692,10.9714,10.9666,10.4202,10.0048,9.5988,9.2356,8.9141,8.619,8.3546,8.1207,7.8954,7.6784,7.4588,7.2647,7.0519,6.9002,6.5268
318,10.7568,10.7941,10.7989,10.8008,10.8013,10.4081,9.9718,9.5635,9.2339,8.9231,8.6287,8.3536,8.1168,7.8964,7.6831,7.4714,7.2867,7.0802,6.9327,6.5274
319,10.7362,10.7498,10.7495,10.7495,10.748,10.4893,10.093,9.6961,9.3786,9.0533,8.7675,8.4896,8.2469,8.0267,7.8182,7.6151,7.4339,7.2427,7.0887,6.6733
320,10.7061,10.7409,10.7436,10.7445,10.736,10.4275,10.064,9.6746,9.3651,9.0401,8.75,8.4732,8.2315,8.0135,7.8065,7.6,7.4175,7.24,7.0798,6.5654
321,10.704,10.7195,10.7204,10.7194,10.7014,10.3459,9.9512,9.5769,9.2643,8.9583,8.6549,8.3645,8.1056,7.8782,7.6713,7.4638,7.2819,7.11,6.9591,6.4148
322,10.6455,10.6778,10.6807,10.6805,10.6533,10.3006,9.8782,9.5166,9.1948,8.8951,8.5761,8.2801,8.0207,7.7929,7.5919,7.3923,7.2186,7.0508,6.9157,6.352
323,10.513,10.548,10.5515,10.553,10.5436,10.1631,9.7,9.3085,8.9732,8.6961,8.3839,8.0869,7.8206,7.5898,7.3918,7.2043,7.0451,6.882,6.7686,6.1973
324,10.4244,10.4343,10.4392,10.4409,10.4402,10.12,9.6832,9.2713,8.931,8.646,8.3287,8.0262,7.7533,7.5279,7.3402,7.1593,7.0106,6.8491,6.7493,6.2057
325,10.3249,10.3348,10.3405,10.3426,10.3431,10.2129,9.8955,9.6194,9.2737,9.001,8.7151,8.429,8.1562,7.9185,7.7224,7.5379,7.3811,7.2174,7.1022,6.5381
326,10.1744,10.186,10.1942,10.1971,10.1984,10.1879,9.771,9.3846,9.0198,8.6989,8.4047,8.1399,7.9171,7.7281,7.5685,7.4164,7.2759,7.137,6.9261,6.0485
327,9.9707,9.994,10.0021,10.0052,10.0067,10.0041,9.474,8.9082,8.4822,8.1217,7.8288,7.5895,7.4026,7.252,7.112,6.9772,6.8556,6.7217,6.4199,5.4845
328,9.7102,9.7349,9.7432,9.7465,9.7483,9.749,9.3279,8.6831,8.2367,7.8734,7.5861,7.3755,7.2,7.0455,6.9058,6.7757,6.6656,6.5255,6.1945,5.3548
329,9.4906,9.5381,9.5412,9.5425,9.5431,9.5323,9.0979,8.4578,8.0071,7.6545,7.3768,7.1731,6.9996,6.8522,6.7254,6.6167,6.5211,6.3787,6.0488,5.374
330,9.3709,9.4138,9.4184,9.4204,9.4214,9.414,8.9245,8.2707,7.8037,7.43,7.1454,6.9296,6.7591,6.6171,6.5069,6.4195,6.3422,6.2222,5.9759,5.4534
331,9.3347,9.3502,9.3524,9.3537,9.3542,9.3437,8.9276,8.2775,7.8002,7.414,7.1211,6.8943,6.7208,6.5796,6.471,6.3846,6.3153,6.2079,6.0103,5.5025
332,9.2764,9.2996,9.3036,9.3053,9.3062,9.3017,9.0295,8.4546,7.9842,7.5956,7.3018,7.0725,6.901,6.7552,6.6427,6.5524,6.4798,6.366,6.1429,5.4912
333,9.1963,9.2149,9.2224,9.2254,9.2269,9.2276,9.1131,8.5916,8.1361,7.7442,7.4483,7.2161,7.046,6.8957,6.7839,6.6968,6.6248,6.5099,6.272,5.515
334,9.0387,9.0654,9.0742,9.0775,9.0791,9.08,9.0624,8.63,8.1546,7.7746,7.4869,7.2527,7.0778,6.9239,6.8132,6.7252,6.6515,6.5343,6.2893,5.544
335,8.9512,8.9762,8.9832,8.9858,8.9874,8.9882,8.9862,8.7198,8.2988,7.9529,7.6801,7.4527,7.2787,7.1216,7.0092,6.9174,6.8328,6.6769,6.3144,5.6062
336,8.8289,8.8617,8.8684,8.8711,8.8726,8.8735,8.8712,8.6959,8.2185,7.8524,7.5817,7.3482,7.1703,7.0152,6.9029,6.8135,6.7366,6.5926,6.2669,5.6526
337,8.8088,8.8168,8.8209,8.8224,8.8232,8.8232,8.8199,8.6925,8.1644,7.7828,7.5013,7.2615,7.08,6.9264,6.808,6.7117,6.6302,6.4862,6.2021,5.6646
338,8.7375,8.7469,8.7497,8.7509,8.7512,8.7508,8.746,8.676,8.2716,7.8094,7.5373,7.316,7.1407,6.9935,6.8787,6.7782,6.6949,6.5561,6.2523,5.7429
339,8.5788,8.6132,8.6179,8.62,8.6213,8.6221,8.6226,8.6016,8.3324,7.856,7.5545,7.3257,7.1479,7.0037,6.8995,6.8071,6.7346,6.6213,6.2843,5.8048
340,8.4293,8.474,8.4787,8.4809,8.4821,8.4828,8.4834,8.4639,8.2379,7.758,7.45,7.2089,7.0404,6.8991,6.8008,6.713,6.6485,6.5439,6.2504,5.8262
341,8.306,8.3452,8.3492,8.3512,8.3524,8.3532,8.3537,8.3511,8.2089,7.7535,7.4243,7.1675,6.9973,6.8564,6.7628,6.6822,6.6255,6.5298,6.2563,5.8397
342,8.1969,8.2264,8.2317,8.234,8.2354,8.2363,8.2369,8.2366,8.1509,7.7244,7.3806,7.1175,6.9421,6.7971,6.6978,6.617,6.5596,6.4665,6.2322,5.8428
343,8.0704,8.1135,8.117,8.1187,8.1197,8.1204,8.1208,8.1203,8.0736,7.6848,7.3278,7.0508,6.8681,6.7244,6.629,6.5526,6.4972,6.4128,6.2077,5.8204
344,8.0221,8.0459,8.0517,8.0546,8.0559,8.0569,8.0577,8.0579,8.0199,7.6666,7.3179,7.0256,6.8314,6.6784,6.5792,6.5007,6.443,6.3658,6.1722,5.8005
345,8.0655,8.0809,8.0813,8.0812,8.0815,8.0818,8.0816,8.0795,8.0348,7.721,7.4179,7.135,6.9483,6.7812,6.6763,6.5889,6.5234,6.453,6.2372,5.8378
346,8.1176,8.1432,8.1457,8.1468,8.1474,8.1479,8.148,8.1463,8.1063,7.8968,7.6667,7.4134,7.2555,7.078,6.9635,6.8652,6.7866,6.7086,6.4127,6.0074
347,8.2529,8.2556,8.2575,8.2586,8.259,8.259,8.2586,8.2539,8.2022,8.0866,7.8914,7.662,7.5133,7.3314,7.2048,7.0956,7.0018,6.9015,6.5927,6.3184
348,8.3622,8.3754,8.3812,8.3836,8.3849,8.3859,8.3863,8.3862,8.3471,8.2167,7.9624,7.7539,7.5836,7.3907,7.2544,7.1316,7.0251,6.902,6.6041,6.3957
349,8.3087,8.3271,8.3333,8.3367,8.3388,8.3401,8.3409,8.3414,8.3336,8.2759,8.0402,7.8415,7.6769,7.4904,7.3553,7.2198,7.0968,6.9509,6.7249,6.598
350,8.116,8.1673,8.1729,8.1757,8.1774,8.1785,8.1796,8.1802,8.1807,8.1806,8.1015,7.8711,7.7084,7.5448,7.4186,7.2969,7.1757,6.9894,6.7772,6.6582
351,7.9546,7.9993,8.0037,8.0056,8.007,8.0078,8.0084,8.0088,8.0091,8.0075,7.9745,7.7501,7.5462,7.3923,7.2679,7.1487,7.0353,6.8468,6.6536,6.5282
352,7.8747,7.8943,7.8969,7.8971,7.8962,7.8933,7.8882,7.8848,7.883,7.8799,7.8498,7.6571,7.4503,7.2967,7.1735,7.0601,6.9593,6.7606,6.5629,6.4228
353,7.8782,7.8842,7.884,7.8824,7.8808,7.8802,7.8746,7.8509,7.847,7.8424,7.7948,7.6457,7.4787,7.3084,7.1709,7.0424,6.9292,6.7183,6.524,6.4025
354,7.9108,7.9297,7.9309,7.9312,7.9311,7.9298,7.9291,7.9207,7.9147,7.9025,7.8619,7.7679,7.6243,7.4551,7.2975,7.1467,7.0226,6.8089,6.58,6.5016
355,7.9906,8.0019,8.0048,8.0057,8.0062,8.0048,8.0034,8.0011,7.9989,7.9923,7.9732,7.9193,7.7965,7.6515,7.5007,7.3397,7.2062,6.9833,6.749,6.7365
356,7.9211,7.9648,7.9704,7.9731,7.9748,7.9758,7.9771,7.9779,7.9784,7.9789,7.9792,7.9724,7.8669,7.7173,7.5777,7.4181,7.2875,7.0823,6.8747,6.8664
357,7.9341,7.9518,7.955,7.9557,7.9559,7.9533,7.9495,7.9481,7.9474,7.9467,7.9458,7.9436,7.8711,7.7149,7.5911,7.4511,7.3252,7.1263,6.9292,6.9165
358,7.8767,7.8886,7.8911,7.8909,7.8887,7.8829,7.8736,7.8627,7.8572,7.8533,7.8512,7.8303,7.7327,7.5656,7.4383,7.3196,7.2125,7.0465,6.8883,6.8578
359,7.7625,7.7735,7.7784,7.7794,7.7791,7.7758,7.7613,7.7328,7.7185,7.7076,7.7054,7.6644,7.54,7.3754,7.2628,7.1738,7.0912,6.9501,6.8087,6.7667
360,7.6487,7.675,7.6817,7.6839,7.685,7.6857,7.6857,7.6784,7.6639,7.6388,7.6325,7.5773,7.4441,7.2807,7.1721,7.0903,7.0168,6.8964,6.7761,6.7275
361,7.6303,7.651,7.659,7.6623,7.6644,7.6658,7.6669,7.6677,7.6683,7.6655,7.663,7.6154,7.4814,7.3348,7.2257,7.1229,7.0387,6.9119,6.7713,6.7194
362,7.7433,7.7481,7.7536,7.7573,7.7595,7.7611,7.7623,7.7632,7.7638,7.7642,7.7645,7.7636,7.7266,7.6423,7.5488,7.4002,7.2663,7.1029,6.9481,6.9345
363,7.7649,7.782,7.7847,7.7862,7.7872,7.7879,7.7886,7.7891,7.7896,7.79,7.7903,7.7905,7.7907,7.7898,7.7714,7.6894,7.6018,7.4925,7.4394,7.4336
364,7.7002,7.7134,7.7188,7.7212,7.7226,7.7236,7.7244,7.725,7.7255,7.7259,7.7262,7.7265,7.7267,7.7269,7.726,7.7028,7.6794,7.6673,7.6574,7.6508
365,7.5513,7.5738,7.5876,7.5932,7.5967,7.5992,7.6011,7.6028,7.6041,7.6053,7.6064,7.6073,7.6081,7.6089,7.6095,7.6101,7.6105,7.6108,7.6084,7.5827
