Year,Mileage,PriceUSD,CityMPG,HighwayMPG,EngineLiters
2014,132486,2500,32,38,2.8
2011,144263,2500,24,29,3.7
2019,99921,9771,30,38,3.2
2017,121595,3852,34,39,2.6
2013,83830,2500,34,41,1.6
2017,55647,9046,20,27,4.2
2020,207815,6267,39,47,1.7
2017,96966,5369,18,24,4.5
2018,63211,6522,33,35,2.4
2016,70256,2765,40,46,1.6
2016,197884,3206,39,48,1.5
2010,145148,2500,36,40,1.8
2013,131593,2500,28,39,3.0
2025,1000,34556,36,41,2.5
2024,14362,22935,37,42,1.7
2015,141780,4193,31,38,2.2
2017,150597,3224,38,44,1.5
2019,67318,10377,32,36,3.0
2007,152598,2500,35,43,1.9
2017,142685,6342,27,33,3.6
2007,199130,2500,27,32,2.7
2017,67944,6357,35,43,2.3
2018,62247,5212,35,40,2.5
2016,89529,7196,21,29,4.2
2025,1000,35207,37,45,2.2
2007,164672,2500,27,35,2.7
2021,62569,15528,29,36,3.5
2019,103657,9132,28,35,3.5
2015,109517,2500,40,48,1.4
2012,240000,2500,40,46,1.4
2021,19718,14362,34,37,2.5
2020,44243,12855,32,42,2.2
2016,63422,7353,32,38,2.2
2013,123328,2500,29,38,2.7
2023,50037,16887,40,45,1.9
2012,114491,2500,28,35,2.8
2017,66340,7850,33,42,2.7
2010,240000,2500,34,41,1.4
2019,85047,5911,41,50,1.7
2013,151191,2500,35,42,1.4
2018,64468,6833,42,48,1.2
2012,219819,2500,38,43,1.9
2023,30723,24016,36,43,2.6
2016,238783,2500,23,29,3.5
2023,37319,23555,31,35,2.8
2013,218124,2500,34,40,2.5
2015,67331,2500,40,49,1.5
2008,240000,2520,35,40,2.3
2023,21426,17857,39,44,1.9
2014,114171,4939,19,25,4.8
2024,9977,26030,36,42,2.6
2012,121364,2500,28,35,2.3
2006,141355,2500,27,35,3.4
2016,106434,4838,43,50,1.2
2020,80574,8919,42,48,1.4
2023,20038,16451,42,48,1.4
2016,199963,2500,39,46,2.0
2017,88515,6751,36,41,2.1
2005,141704,2500,31,36,2.4
2018,86566,4581,39,44,1.4
2017,74740,6247,32,39,2.0
2018,50240,8074,29,35,2.4
2012,180890,2500,33,41,2.3
2019,56503,9003,34,41,2.3
2011,201966,2500,33,42,2.2
2015,240000,2500,28,37,2.5
2015,102547,3805,31,39,2.7
2021,48481,9867,37,43,2.1
2011,113492,2500,31,37,2.9
2013,145710,2500,37,42,1.4
2012,240000,2500,28,34,2.9
2018,74847,7560,34,44,2.3
2014,81005,7354,29,34,3.0
2019,61765,9268,37,45,1.9
2021,74908,9663,39,43,1.6
2023,25057,17099,41,49,1.8
2015,155413,2500,38,43,1.5
2020,80620,6659,37,43,1.6
2015,127576,2647,37,45,2.1
2018,67228,5595,37,41,2.2
2022,41227,16674,39,47,2.3
2017,91753,4045,41,46,1.5
2010,240000,2500,37,44,1.8
2008,153227,2500,35,40,1.6
2013,94736,3748,25,33,2.8
2011,240000,2500,24,33,3.6
2017,162408,3760,36,42,2.6
2025,1000,29870,37,45,2.0
2020,76117,7886,38,45,1.9
2018,97845,6793,34,38,2.0
2015,96925,2688,31,40,2.4
2018,143880,6665,35,40,2.2
2014,119729,2500,36,41,1.5
2023,25964,20693,36,44,2.4
2016,117026,3321,38,46,1.4
2022,33839,17287,34,42,2.6
2016,94901,2936,34,43,2.5
2009,240000,2500,33,39,2.6
2025,1000,29379,40,49,2.0
2014,197369,2500,38,44,1.6
2012,240000,2500,41,49,1.4
2011,97302,3830,35,42,1.9
2020,74509,11155,32,40,2.9
2020,62396,6371,39,48,1.6
2010,240000,2500,32,37,2.5
2013,200026,2500,24,32,3.2
2023,19695,19246,39,49,2.2
2010,140992,2500,35,42,1.8
2015,117996,3145,27,34,3.8
2008,240000,2500,28,34,2.8
2016,78398,2500,35,42,1.9
2018,121751,6081,34,40,2.2
2022,56933,11949,43,50,1.6
2019,53677,9733,33,40,2.9
2024,5983,25496,36,41,2.5
2019,83994,4339,33,39,2.3
2013,122382,2500,35,42,2.2
2018,157499,3679,38,46,1.7
2014,158581,2922,34,42,2.0
2015,180529,2500,29,37,2.4
2025,7802,28804,40,44,2.0
2023,32961,14395,44,48,1.4
2025,1000,28610,44,52,1.9
2016,127859,4444,37,42,1.7
2023,20721,23926,30,36,2.7
2017,112038,7567,22,32,4.5
2018,76055,6190,37,41,1.9
2018,75592,4797,33,37,2.5
2018,113405,8393,35,42,2.4
2018,91532,6140,41,47,1.8
2016,78386,3842,37,43,1.0
2014,240000,2500,28,35,3.2
2017,90032,6373,34,42,2.8
2021,44739,18323,30,33,3.5
2015,98978,4419,37,42,1.9
2011,149050,2500,36,41,1.8
2024,8466,25478,41,46,1.9
2017,77871,4733,39,44,1.6
2015,131837,2500,39,43,1.6
2014,156628,2500,35,43,1.8
2024,8141,22563,39,44,1.8
2024,23949,26518,31,42,2.8
2014,129714,2841,35,41,2.3
2019,63066,8989,35,42,2.0
2012,230999,2500,28,34,2.6
2013,144815,2500,32,39,1.9
2022,48638,16587,35,41,2.5
2011,240000,2500,28,34,2.9
2017,150333,4182,27,32,3.7
2023,16793,17264,43,52,1.7
2022,43848,18216,28,34,2.9
2018,79125,3888,40,49,1.9
2012,84817,2760,26,34,3.5
2016,93645,5176,33,39,2.8
2015,133902,2500,39,44,1.7
2016,201922,2500,28,34,2.3
2018,82152,4462,39,46,1.9
2015,155106,2500,41,51,1.6
2007,151680,2500,29,38,2.9
2018,114119,2500,40,44,1.9
2010,211091,2500,35,41,1.9
2014,68046,2500,37,42,2.0
2018,94719,5928,43,50,1.4
2014,89309,2500,32,39,2.7
2018,140568,6091,28,36,3.1
2014,138644,4998,31,38,2.1
2018,82065,6618,32,37,2.6
2010,136894,2500,31,37,2.7
2025,3383,26846,44,52,1.3
2017,78240,4324,38,44,1.6
2015,123961,5016,36,42,2.1
2018,78899,10299,24,30,4.0
2023,25034,20457,32,39,2.6
2016,63753,4727,37,48,1.5
2013,92356,4202,37,41,2.0
2007,139300,2500,30,33,2.7
2017,80585,5028,38,45,2.2
2016,123079,2500,38,44,1.7
2017,111603,2500,34,41,2.0
2008,187030,2500,36,43,1.6
2011,117352,2500,34,40,1.8
2015,106300,2961,37,47,1.8
2017,76790,5933,38,44,1.7
2017,68911,4990,36,43,2.3
2022,51544,14838,39,47,2.1
2011,194919,2500,35,40,1.8
2017,109772,4454,33,39,2.9
2016,125877,2500,30,32,2.8
2025,1000,37890,38,48,2.5
2017,56916,7217,33,38,2.6
2015,94023,4817,32,40,2.8
2007,211342,2500,32,39,2.7
2025,1000,38987,35,41,2.7
2018,106524,7908,36,40,2.2
2016,122515,3706,35,43,2.5
2005,231684,2566,26,33,2.8
2009,167081,2500,23,28,3.4
2014,135739,2500,32,36,2.8
2025,1000,25790,42,49,1.7
2015,137259,3887,27,32,2.9
2017,145319,4880,33,37,2.6
2020,100176,8506,42,48,1.8
2015,155984,2500,27,33,2.8
2008,236786,2500,29,37,2.2
2019,69252,5712,41,47,1.5
2015,208018,2500,36,43,1.5
2019,81924,6682,40,46,1.7
2020,49114,11070,36,40,2.6
2015,144998,2500,32,39,3.3
2014,135128,3320,33,38,2.7
2023,31045,18446,45,49,1.6
2010,135287,2500,34,42,1.7
2020,46414,7853,41,46,1.5
2022,20970,14388,39,44,1.8
2019,77261,8826,39,46,1.7
2017,102116,5434,39,46,1.7
2019,41608,8679,34,39,2.6
2015,96667,5104,31,37,2.6
2018,61625,7555,28,33,2.6
2018,61982,4909,42,50,1.1
2020,44678,9739,37,43,1.9
2018,81489,4176,32,41,2.1
2022,34253,15470,34,40,2.4
2018,49287,7214,35,41,1.8
2018,65480,4029,40,46,1.4
2019,100889,4673,37,40,1.9
2016,109344,5098,35,42,2.3
2009,138589,2500,28,34,2.6
2020,75679,12991,26,32,3.8
2020,58371,8221,41,45,1.5
2015,130311,3200,40,47,1.6
2015,146577,2736,30,35,2.7
2022,48141,18997,28,34,3.9
2015,114006,2500,34,42,2.4
2024,4480,22750,42,48,1.6
2015,167014,2500,40,46,1.6
2008,240000,2500,27,34,2.0
2019,97731,4442,36,43,2.0
2012,137926,2500,39,48,1.5
2022,54806,13512,41,46,1.4
2016,112646,2500,39,45,1.7
2017,140042,2915,37,44,2.4
2011,119190,2500,36,43,1.6
2018,93401,4127,42,46,1.9
2018,169545,10482,20,27,4.3
2013,202461,2500,36,42,2.0
2017,74362,4418,42,48,1.5
2015,87400,5136,28,35,3.2
2016,91371,5035,31,40,2.3
2011,136917,2500,41,49,1.3
2011,156507,2500,25,29,3.3
2016,140452,3843,34,41,2.5
2013,240000,2500,34,42,2.3
2013,130298,2500,32,40,2.2
2012,240000,2500,33,38,1.8
2012,149405,2500,32,38,2.3
2015,159082,4164,31,39,2.4
2018,73360,8177,36,43,2.5
2019,88919,8208,39,45,1.7
2016,55818,5031,32,38,2.7
2023,18821,18813,40,48,1.5
2016,48840,4742,36,44,1.7
2020,65299,7965,40,44,1.8
2018,97860,5963,28,35,2.9
2008,135937,2500,31,39,2.0
2023,21806,23548,34,41,2.9
2023,44771,15935,39,47,1.7
2014,109949,2500,29,37,2.8
2021,59829,13978,31,38,2.9
2025,2701,37027,34,39,2.9
2015,90379,6612,28,35,3.0
2025,5367,37813,34,41,2.8
2013,99079,7366,23,28,3.8
2019,85674,8649,36,44,2.3
2009,240000,2500,36,41,1.7
2015,144858,2500,35,40,2.1
2008,240000,2500,37,42,1.4
2025,1000,36602,36,42,3.0
2017,152891,2500,36,42,2.1
2019,57508,6379,41,45,1.3
2013,224753,2500,25,34,3.9
2006,160280,2886,19,27,4.1
2020,17108,9223,40,49,1.8
2015,160529,2500,30,37,2.6
2008,122627,2500,23,28,3.1
2010,155994,2500,28,33,2.5
2017,100803,8692,28,35,4.1
2018,57509,3177,38,42,1.0
2016,75796,3539,39,45,1.8
2014,187733,2500,34,41,2.2
2012,127968,3528,32,39,2.0
2018,55966,10611,21,24,4.2
2019,78167,6811,34,43,2.1
2020,111904,10323,36,44,2.2
2017,97848,4155,43,49,1.7
2015,82269,3007,30,36,2.4
2006,240000,2500,26,32,2.7
2018,80948,5814,35,40,2.7
2018,61455,7207,38,46,1.8
2010,182020,2500,37,41,1.5
2023,43971,16707,42,46,1.4
2020,52747,12622,37,42,2.6
2010,237256,2500,28,34,2.4
2014,218884,2500,39,46,1.5
2010,122100,3494,27,35,2.8
2021,45104,13283,42,49,1.7
2017,73927,3180,35,42,1.4
2005,224119,2500,33,41,1.9
2018,46257,5197,37,45,1.5
2021,57120,13395,39,47,1.9
2008,240000,2500,37,41,1.4
2017,90454,4981,40,48,1.4
2008,130711,2500,27,33,2.4
2018,105781,9182,33,45,3.0
2019,84770,9586,28,33,2.7
2008,142583,2500,36,44,1.7
2022,46026,15453,36,44,2.6
2005,215656,2500,19,26,3.7
2021,52746,12798,33,38,2.3
2010,162296,3524,30,35,2.4
2010,240000,2500,32,36,2.3
2015,146373,2500,35,40,1.7
2018,100160,6293,36,43,2.7
2015,118928,3319,34,40,2.0
2023,40199,21605,39,48,1.8
2008,240000,2500,31,37,2.7
2015,71052,4695,40,46,1.6
2022,14788,17073,40,48,2.0
2012,115514,2500,28,36,2.7
2019,78278,7385,37,43,2.0
2020,111330,4420,42,52,2.0
2024,9669,30885,34,43,3.0
2012,80038,2500,32,40,2.2
2023,5844,23334,32,40,2.7
2017,93458,6934,26,32,4.6
2017,86161,8940,23,31,3.7
2014,83332,4103,38,47,2.2
2013,204378,2500,38,41,1.6
2020,54773,9992,37,43,2.0
2016,114497,4759,37,43,1.6
2017,85784,4627,40,47,1.5
2014,187015,2779,42,49,1.6
2025,10275,29580,36,43,2.2
2016,155863,3196,36,44,1.9
2011,240000,2500,36,43,2.1
2018,129723,6699,40,48,2.0
2010,68907,2500,26,33,3.7
2019,97707,10408,33,37,3.4
2014,150265,3552,31,37,2.8
2025,1000,33436,35,41,2.5
2017,110638,5064,29,33,3.5
2018,44331,7118,38,47,1.9
2013,71400,5372,30,37,2.9
2005,154183,2500,34,41,2.2
2017,64498,3685,40,46,1.3
2020,62087,10733,30,39,3.1
2012,206527,2500,13,21,5.0
2023,13777,18973,44,49,1.6
2014,155911,2500,35,42,2.2
2013,176177,2500,35,41,2.9
2009,171173,2500,43,50,1.3
2012,185102,3466,35,41,2.5
2016,122772,4338,40,46,1.5
2020,69761,9770,35,42,2.5
2017,134094,2500,41,50,1.3
2017,95483,2500,40,43,1.6
2021,47551,14440,35,47,2.6
2011,240000,2500,31,38,2.5
2025,12865,22774,43,51,1.6
2014,48117,3698,33,36,2.1
2011,189990,2500,35,40,2.0
2010,240000,2500,21,27,3.3
2016,68616,6608,34,42,2.2
2017,62501,6731,37,43,1.6
2021,30329,14740,44,49,1.7
2020,72041,10328,38,46,2.4
2023,31554,21356,34,38,2.6
2014,158534,4453,28,35,3.7
2013,124861,4400,26,34,2.8
2015,100136,5922,27,34,3.4
2017,64505,2500,39,46,1.7
2012,240000,2500,31,37,2.3
2016,102247,7245,25,30,3.9
2009,188272,2500,38,43,1.7
2008,131691,2500,34,37,1.6
2021,35651,16889,34,40,2.8
2017,73895,7111,30,36,2.6
2018,73013,4872,34,40,1.9
2025,1000,29755,41,49,1.9
2011,166778,2500,26,33,3.0
2020,45480,10115,31,38,2.8
2013,119913,2500,37,42,1.5
2019,70724,8614,32,39,2.2
2023,16361,22215,36,40,2.5
2014,107966,2500,34,39,2.2
2017,101253,10486,24,29,4.1
2021,61322,13105,36,44,2.1
2013,106098,3417,32,39,2.5
2016,97397,5296,35,41,1.9
2013,166599,2500,34,39,2.3
2025,1000,47400,22,32,4.5
2011,151682,2500,38,44,1.8
2015,147288,4657,38,46,1.6
2011,151823,2821,27,32,3.1
2015,121488,3126,35,40,2.6
2021,32344,15150,37,43,2.4
2019,72451,7892,35,42,2.1
2015,170166,2718,39,46,1.7
2024,7374,20842,38,44,1.8
2020,60435,6142,41,46,1.7
2013,150886,2960,39,43,1.6
2021,61851,19154,27,34,4.1
2010,142969,2500,36,42,1.6
2016,126299,4387,41,47,1.6
2015,134541,3610,29,40,4.0
2023,19123,17859,42,47,1.6
2019,78491,9471,43,52,1.8
2019,85557,6251,45,50,1.7
2013,89563,2500,42,50,1.8
2017,53313,8939,31,37,3.2
2017,210725,2500,37,44,1.8
2012,209550,2500,36,39,1.8
2021,39467,13788,35,42,2.5
2010,141441,2500,38,45,1.5
2021,30251,13290,37,43,2.4
2015,142661,3200,30,34,2.7
2007,240000,2500,39,47,1.4
2011,132779,2500,34,40,2.7
2017,44849,5358,40,47,1.4
2018,105318,8101,37,45,1.5
2018,161771,5094,29,36,3.1
2017,108009,5222,36,46,2.5
2012,163530,3713,26,31,3.1
2016,71536,5208,29,38,3.2
2011,147577,2500,33,37,1.9
2012,181031,2500,33,38,2.7
2015,97839,4265,31,37,2.7
2015,103796,3279,38,43,1.9
2014,143202,2500,40,46,1.8
2018,85435,5508,33,38,2.5
2014,153887,5081,35,40,1.8
2019,113972,6707,44,50,1.6
2014,64161,2500,39,46,1.7
2020,75252,8822,37,45,2.4
2013,154293,2500,21,27,3.8
2020,90710,8501,35,43,1.8
2016,82824,6734,32,38,2.8
2014,125874,2500,34,41,1.6
2016,158113,2500,39,45,1.8
2016,88061,6009,27,33,3.3
2011,240000,2500,37,43,1.7
2019,69974,9338,36,42,1.9
2017,136184,4289,31,38,2.7
2013,58634,2500,34,41,2.1
2014,61767,2698,30,36,2.8
2011,240000,2500,32,38,2.1
2020,57405,13807,30,34,3.6
2019,113379,8371,34,42,2.4
2017,161647,3937,32,37,3.1
2017,82756,6070,34,41,1.9
2012,214740,4015,31,38,2.5
2011,208382,2500,32,40,1.7
2021,84857,11922,34,39,2.8
2018,69114,5887,40,45,1.8
2016,130924,3087,34,40,2.2
2019,48025,11311,24,31,3.9
2018,78811,4924,37,42,1.5
2015,114847,5184,32,38,2.6
2023,13707,18277,40,47,1.8
2015,114145,2874,32,38,2.6
2009,146323,2500,33,40,2.2
2023,28859,26490,24,29,3.9
2009,137721,2500,26,34,3.4
2010,240000,2500,40,44,1.4
2016,78504,6541,40,46,1.5
2020,60510,9050,36,43,2.2
2007,136409,2500,24,30,2.9
2019,93438,8739,36,43,2.6
2017,113768,2881,39,48,1.8
2020,33110,10348,40,46,1.6
2013,133924,2500,37,43,1.3
2012,224133,2791,25,28,3.2
2020,88271,10118,33,36,3.0
2016,45939,5212,25,30,3.1
2014,135420,3509,32,38,2.2
2008,184584,3487,21,29,3.6
2023,30872,22509,38,45,2.4
2014,156715,3959,35,42,2.2
2018,137962,3437,37,41,2.1
2011,209853,2500,31,38,2.7
2014,67587,5147,35,42,2.2
2017,187961,2503,40,44,2.4
2016,32771,6488,34,42,2.1
2008,138371,2500,30,35,2.8
2013,115048,2500,38,42,1.4
2014,133527,2500,35,47,2.7
2017,102270,4694,30,36,2.5
2019,91190,2974,39,46,2.0
2009,163884,3872,34,39,2.5
2016,113761,2500,33,41,1.6
2008,191384,2500,34,40,2.6
2020,63367,9248,34,41,2.8
2021,23776,13923,33,40,2.6
2012,184249,2500,36,41,1.9
2018,130202,6025,32,39,3.0
2022,24389,15078,37,42,1.2
2006,131170,2500,25,31,3.2
2020,76758,11204,33,39,2.8
2014,111422,2500,37,42,1.9
2017,114693,5648,34,38,2.8
2019,40826,12758,29,35,3.4
2010,141608,2500,37,42,1.7
2017,69854,3307,35,40,1.6
2011,240000,2500,37,42,1.7
2009,173424,2500,31,39,2.0
2016,85660,5587,41,46,1.5
2013,77411,2500,35,45,2.4
2014,186298,3627,38,46,1.5
2015,110451,2500,35,44,2.0
2010,112951,2500,39,44,1.6
2017,84739,2500,37,42,1.9
2024,10136,28998,31,38,2.6
2016,121435,2500,42,50,1.7
2015,108231,3266,35,40,2.0
2014,118508,4158,32,39,2.7
2016,83857,3270,22,30,4.1
2014,119826,4226,24,32,3.3
2025,1000,33759,34,40,2.7
2009,175543,2500,36,42,2.1
2014,73045,2500,35,42,2.3
2014,137649,2500,36,42,2.5
2012,103734,3889,36,43,1.4
2025,1000,36705,31,38,3.0
2017,93756,5322,38,44,1.7
2012,162292,2500,34,44,1.7
2020,51288,9129,36,40,1.9
2020,108160,7777,40,46,1.8
2016,59290,2500,38,42,1.5
2011,136145,3695,26,33,3.3
2016,91828,4974,29,37,3.3
2017,116191,2500,40,45,1.4
2012,230697,2500,34,43,2.2
2016,143048,2500,37,46,2.5
2019,34918,9072,38,41,1.7
2014,68697,4920,34,40,2.4
2017,137536,6325,26,36,3.7
2018,204419,2500,35,42,2.5
2018,100381,7002,35,42,2.5
2019,81865,5958,34,42,1.9
2019,68124,10724,35,42,2.5
2020,43059,8806,38,44,1.9
2014,102728,2500,42,47,1.5
2016,127570,5073,31,40,3.3
2012,109817,2500,34,42,2.4
2008,240000,2500,23,29,3.7
2021,24681,17291,35,43,3.0
2025,1000,27360,40,46,1.7
2014,177430,2500,36,43,2.0
2021,63716,10796,38,48,2.1
2020,105107,9906,40,44,1.8
2013,205673,2500,28,34,3.2
2008,185166,2500,36,43,1.8
2005,240000,2500,34,39,2.2
2015,142892,4750,28,34,3.3
2019,72254,7219,36,42,2.2
2023,40047,18482,36,43,2.6
2015,87069,3525,30,37,2.3
2014,74212,3346,40,49,1.5
2021,45253,14000,32,37,3.0
2006,224564,2500,26,30,3.1
2015,188059,2500,24,33,3.9
2009,240000,2500,32,38,2.3
2005,182354,2500,34,41,1.4
2012,168829,2754,30,32,2.8
2013,110553,2500,34,41,1.7
2013,237906,2500,38,45,1.5
2015,83128,3370,34,42,1.5
2019,82981,8377,34,41,2.8
2017,143742,4350,32,38,2.7
2015,139773,5843,34,41,2.0
2012,125158,2500,34,41,2.7
2021,65926,13546,36,43,2.3
2017,107572,7010,31,37,2.5
2018,34645,7760,31,35,2.5
2007,240000,2500,28,35,2.8
2021,39548,12803,41,46,1.3
2023,30991,19610,40,47,2.2
2018,83367,9320,24,32,4.1
2016,117416,2500,36,42,1.9
2009,240000,2500,30,37,2.5
2012,230045,3087,22,28,3.7
2010,94572,2500,31,38,2.5
2023,2517,19295,40,43,1.6
2018,107075,4261,34,43,2.1
2018,39872,8602,40,46,1.5
2019,36627,12284,29,38,2.8
2023,29909,17809,41,49,1.8
2015,55771,7845,27,33,2.5
2025,4222,27671,44,50,1.5
2017,47783,7069,39,46,1.9
2014,87816,2500,35,43,1.8
2020,67935,11728,43,48,2.1
2016,138811,3097,26,32,3.4
2017,84458,3257,40,49,1.5
2016,63949,5767,25,35,3.4
2016,92406,7906,28,31,3.3
2019,87046,8635,31,37,2.9
2017,95907,2500,40,48,1.3
2014,182399,2500,37,44,1.6
2014,167470,2500,35,43,2.1
2023,31251,17181,40,48,1.9
2011,140813,3579,41,49,1.2
2014,113653,2500,40,47,1.6
2017,98677,2500,39,44,1.9
2015,193131,2500,36,43,2.4
2017,186450,2925,42,45,1.5
2016,125026,5226,38,45,1.8
2016,126580,4276,37,43,1.8
2016,122793,4959,42,50,1.4
2012,163801,4197,31,38,2.4
2014,180356,2500,39,49,1.8
2014,125821,4053,28,34,3.4
2006,229610,2500,37,46,1.4
2020,27220,11944,34,39,2.3
2021,56897,12038,35,43,2.0
2023,16019,21688,36,44,2.8
2011,127901,2500,34,40,2.2
2021,32140,14095,33,37,2.5
2008,109079,2500,32,38,2.3
2013,80903,2500,35,41,1.6
2006,175839,2500,33,39,2.6
2013,86175,2500,34,39,1.8
2016,135771,4580,29,35,3.5
2024,9043,25270,41,48,1.9
2017,137800,2500,43,49,1.2
2013,123249,2545,34,40,1.7
2025,1000,34348,35,43,2.6
2020,57545,13204,29,37,3.7
2014,142564,2500,33,41,2.0
2018,42560,8103,38,44,2.2
2014,198187,2500,40,44,1.7
2025,1000,29038,42,50,1.9
2019,57792,8116,37,42,2.6
2013,156053,2523,29,32,3.2
2016,65717,5063,38,44,1.5
2015,115513,2500,35,42,2.0
2021,47480,9879,42,48,1.4
2012,171825,2500,35,38,2.0
2017,91059,4979,40,45,1.6
2007,240000,2500,32,38,2.1
2013,126939,2500,38,46,1.6
2010,240000,2500,35,43,1.7
2014,198862,4027,31,39,2.7
2023,54080,21124,34,42,2.8
2010,188434,2500,31,37,2.1
2017,98810,5421,41,46,1.7
2011,150084,2500,39,47,1.5
2011,109825,2731,37,41,1.5
2022,31120,18977,34,40,2.4
2021,34792,14687,36,44,1.7
2015,56390,2500,31,38,2.6
2015,105990,3996,35,41,1.6
2017,100421,2500,43,51,1.3
2019,42638,5979,40,46,1.7
2021,55410,14490,34,39,2.3
2009,169748,2500,34,40,1.6
2017,106661,4666,39,48,1.5
2023,22538,17447,41,47,2.2
2010,213944,2500,36,44,1.7
2014,109406,3736,28,34,3.0
2012,144486,3064,35,41,1.8
2013,229364,2500,39,44,1.3
2013,129607,4026,37,43,1.7
2016,72587,3812,27,36,3.1
2015,173819,3899,39,44,1.4
2017,132718,2500,34,42,2.3
2011,100826,2500,39,44,1.8
2019,56167,7531,41,45,1.4
2017,86634,4116,35,41,1.9
2020,93270,7633,36,42,2.2
2022,47169,14519,38,45,2.0
2014,161511,2500,22,27,4.3
2022,24549,16762,37,44,1.9
2015,153549,2500,32,37,2.8
2016,77146,4426,29,37,2.8
2021,48180,13412,35,41,2.4
2015,133666,3054,27,33,2.8
2018,110601,5557,38,45,1.6
2014,99004,4045,36,44,2.0
2021,40853,8319,41,49,1.7
2016,190514,2988,31,39,2.9
2015,104520,4412,36,40,2.1
2009,235239,2500,38,45,1.9
2016,112527,4071,40,47,1.3
2020,50530,10287,42,49,1.9
2009,236949,2500,29,36,2.9
2017,149415,4599,39,43,1.5
2017,96291,4982,38,42,1.7
2015,53809,4818,37,42,1.8
2015,126151,2500,36,40,1.6
2017,62436,7158,38,42,1.4
2018,183133,2500,41,48,1.6
2021,70050,14289,38,43,2.7
2022,10913,18667,35,41,2.6
2017,97210,5734,32,38,2.8
2011,103352,2500,34,41,2.0
2018,119027,6773,35,44,2.5
2015,102943,8120,28,35,3.8
2014,110618,3558,23,28,3.6
2020,47010,7873,46,52,1.3
2019,86661,8892,35,41,1.6
2013,134473,2500,32,37,2.6
2020,105709,6949,38,44,2.0
2016,116650,3036,34,41,2.7
2014,162406,3524,29,36,2.6
2014,177331,2500,35,39,2.1
2018,157058,4449,38,44,1.5
2015,111625,2500,33,39,2.6
2016,84539,2500,36,44,2.7
2014,82989,2500,36,40,1.8
2012,192461,2500,33,40,2.0
2016,118888,4274,31,40,2.6
2024,22278,27877,35,42,2.8
2017,92696,2869,33,40,2.3
2015,104235,2500,42,47,1.5
2019,54684,8334,40,47,1.9
2011,168922,2500,35,42,2.7
2008,133767,2500,26,32,2.8
2014,187157,3263,35,42,1.9
2021,67262,15748,34,42,2.7
2016,164952,2500,38,44,2.0
2019,80259,6029,40,45,1.7
2025,4717,28019,41,47,1.5
2018,136133,4984,40,46,1.9
2019,63918,9506,34,41,1.9
2020,67160,10975,41,48,1.6
2019,62323,12110,29,33,3.1
2019,76539,7445,39,46,1.7
2013,161275,2500,38,41,1.8
2010,178181,2786,38,42,1.6
2019,58301,8637,35,43,2.5
2008,220547,2500,34,38,2.5
2018,111460,5112,35,40,2.4
2017,92315,3082,33,43,2.7
2011,151346,2500,30,33,2.8
2015,185824,2500,36,43,2.2
2013,110562,2500,37,44,2.1
2014,134619,4374,38,42,1.6
2021,68307,10507,37,41,2.3
2012,118300,3566,37,43,1.5
2013,101878,3530,32,37,2.7
2014,151072,3734,31,38,2.6
2019,91808,8894,28,31,2.8
2012,78738,3461,29,37,2.7
2008,223655,2500,32,42,2.2
2020,91255,6799,43,49,1.5
2017,120186,5638,31,37,2.4
2019,66901,5947,36,44,2.3
2020,54466,11913,37,44,2.5
2010,105174,2500,22,26,3.5
2010,100630,2500,27,34,2.9
2018,191734,5491,41,46,1.8
2015,240000,2500,35,43,2.0
2020,84104,7657,38,44,1.9
2015,141350,2500,32,38,2.7
2025,1000,32178,35,42,2.2
2009,200693,2500,34,41,1.9
2011,149252,2500,31,39,2.6
2023,37814,22213,36,40,2.8
2020,37993,8730,39,47,1.6
2011,240000,2500,32,36,2.8
2012,178633,2500,22,28,4.3
2018,53264,4177,40,49,1.6
2018,95138,4930,40,45,1.7
2019,90854,8008,34,43,2.5
2014,119712,2500,31,41,3.1
2020,35154,11674,36,40,2.8
2022,42640,13325,35,44,1.9
2012,240000,2500,35,40,1.4
2013,116955,2500,29,38,2.8
2019,36016,5961,38,47,1.7
2009,146492,2500,22,29,3.3
2021,65563,14164,30,36,3.1
2020,59464,8774,36,42,2.4
2008,190241,2500,37,45,1.5
2016,182296,2500,38,43,1.9
2014,102430,3569,33,40,3.0
2017,79789,6845,40,48,1.9
2020,34226,8674,39,48,1.8
2018,109247,8829,33,40,2.9
2018,101320,5354,41,50,1.5
2025,2248,32699,35,42,2.3
2017,101395,5927,36,42,1.7
2011,240000,2500,24,29,4.0
2011,240000,2500,34,40,1.6
2013,123766,2500,36,44,2.1
2014,101666,2500,34,42,2.5
2014,144828,2500,36,43,1.7
2021,31352,14537,35,40,2.4
2018,98871,3924,42,50,1.5
2023,34333,19525,38,44,2.6
2015,122286,2500,35,41,1.8
2023,35020,17334,40,46,1.8
2014,161174,3091,35,42,2.1
2012,156679,2500,33,39,2.2
2007,151068,2500,33,37,1.7
2009,240000,2500,36,44,1.8
2014,149010,2500,23,29,3.9
2018,60023,8989,24,28,3.5
2020,48893,9043,35,41,1.9
2020,57486,13485,31,36,3.5
2017,148632,3213,35,43,2.3
2014,75396,4190,36,43,2.1
2010,212664,2500,28,33,3.0
2013,142187,2500,39,45,1.7
2023,22054,23863,34,38,2.7
2018,216758,3174,26,33,3.7
2006,189405,2500,28,35,2.6
2017,92422,3808,36,44,2.7
2015,116504,3984,41,45,1.6
2021,48013,14829,33,39,1.8
2005,240000,2500,32,36,2.5
2015,230179,2500,28,35,4.0
2017,109096,4208,40,46,1.8
2018,120002,8911,25,31,4.5
2014,167646,2500,28,34,2.8
2014,158816,2500,36,41,2.3
2016,86344,2500,38,43,1.7
2012,107065,2500,33,37,2.6
2016,68823,5559,29,36,2.8
2018,129561,10421,27,35,3.4
2023,43550,15985,39,44,1.9
2018,75018,7602,29,38,3.3
2013,177268,2500,36,41,2.0
2021,43043,14521,38,45,2.5
2014,143125,4451,26,33,3.3
2012,158495,2500,35,41,2.7
2019,74060,7182,37,46,2.1
2020,75471,7510,38,43,1.7
2018,74006,6713,38,44,1.9
2015,135736,2500,29,36,2.4
2017,80133,8460,28,36,3.3
2016,128585,2500,40,45,1.5
2016,69999,3788,31,39,2.6
2011,188459,2500,37,44,1.8
2010,240000,2500,32,38,2.7
2014,143997,2500,26,30,3.8
2020,21034,13152,35,41,2.9
2015,62759,5330,32,39,2.1
2021,63805,10075,39,45,1.6
2011,211034,2500,36,45,1.6
2012,240000,2500,38,45,1.3
2012,240000,2500,36,41,1.6
2014,94547,2536,30,38,2.6
2015,121752,3825,30,35,2.7
2012,93003,2500,36,43,2.1
2013,203043,2500,41,49,1.3
2021,41411,14371,32,40,2.6
2017,70426,4433,31,37,2.4
2021,72746,14357,34,41,2.2
2020,53248,10413,38,46,1.7
2020,51190,12160,33,40,2.5
2016,109607,6149,29,35,3.0
2017,175262,3288,40,45,1.7
2025,12746,29121,43,50,1.8
2023,14111,18908,41,48,2.0
2019,88398,8220,33,39,2.7
2014,104193,3336,33,39,2.4
2015,110399,4204,33,40,3.0
2022,33582,22087,33,38,3.1
2014,147012,4715,25,32,3.5
2018,71712,8313,36,42,2.8
2012,162029,2500,40,46,1.7
2011,159091,4420,31,35,2.2
2019,76570,14565,27,33,3.8
2017,89699,2537,36,42,1.9
2025,1854,30186,39,47,1.6
2011,121996,2500,31,36,2.7
2022,19699,19710,32,38,2.6
2018,87031,6529,39,42,1.4
2020,77747,7609,41,45,1.5
2014,49157,3684,32,40,2.7
2011,93054,2500,36,44,1.9
2023,23221,20978,32,39,2.5
2014,113295,5132,27,36,3.6
2014,139657,3370,29,37,2.5
2018,72484,8101,32,38,3.0
2025,1000,36402,34,43,2.7
2016,80215,4099,41,47,1.6
2016,51348,6734,36,41,1.9
2019,47132,11042,35,44,2.5
2012,156188,2500,34,41,1.9
2014,170093,2500,30,36,2.1
2011,161719,2728,25,34,3.9
2009,163523,2852,38,44,1.4
2017,108869,6407,33,41,2.6
2025,9115,35149,34,41,2.8
2012,210242,2500,32,37,2.4
2015,101853,3985,37,45,2.1
2009,240000,2500,39,45,1.7
2020,68953,8412,38,45,1.4
2018,92029,5226,37,43,1.4
2014,141471,2696,40,48,1.3
2018,112198,4154,42,48,1.6
2016,81008,5090,39,47,1.4
2016,94300,3344,31,38,2.3
2019,61266,8383,37,41,2.2
2005,158233,2500,35,41,1.6
2019,72206,7749,38,44,1.8
2011,164084,2500,31,38,2.6
2018,162007,3095,33,40,3.0
2017,100548,2500,41,48,1.6
2017,160245,4777,28,35,2.8
2012,114023,2697,32,38,3.0
2021,33859,12185,40,47,1.4
2013,186186,2500,25,31,3.3
2021,65361,11560,33,42,2.5
2016,135685,5023,21,27,3.9
2013,185016,2500,34,39,2.1
2018,60689,9230,34,42,2.4
2023,27456,16243,39,46,1.6
2017,81238,6753,35,40,1.9
2015,148231,2500,35,41,2.9
2018,79674,6098,36,46,1.8
2017,49655,8006,33,39,2.6
2006,142952,2500,37,46,1.5
2016,112172,5612,31,37,2.9
2019,68444,10160,34,41,2.7
2009,146201,2500,27,32,3.1
2010,178687,2500,37,44,2.0
2016,177387,2500,28,36,3.0
2020,77446,10394,36,44,2.3
2012,240000,3304,30,34,2.6
2022,18559,18828,31,36,2.7
2018,55100,5583,37,43,1.7
2010,211670,2500,37,45,1.8
2024,11640,24554,39,45,1.8
2015,66742,6946,35,41,2.4
2014,129222,2903,38,45,1.5
2012,159495,2500,34,40,2.3
2023,16271,19434,38,49,1.7
2011,183654,3249,29,34,2.6
2007,240000,2500,35,41,2.4
2016,84726,2858,38,45,1.8
2012,228586,2500,38,46,1.2
2009,240000,2500,35,39,1.8
2014,135878,2500,32,39,2.8
2021,40493,12476,40,45,1.8
2016,103077,3559,36,46,1.9
2013,116267,4349,35,39,1.9
2016,100620,3196,34,40,1.8
2018,98382,4409,35,41,1.9
2007,190461,2500,34,41,1.7
2018,34060,8835,33,41,2.5
2014,146085,3630,27,31,3.7
2021,50112,9663,35,40,2.0
2019,53713,9738,31,40,2.5
2014,118963,4734,33,40,2.9
2015,200560,2986,29,33,2.9
2015,112223,4355,31,39,2.5
2012,100332,2834,31,38,3.2
2025,1000,36965,29,34,3.2
2015,119738,2500,38,43,1.9
2014,69561,2500,25,31,3.4
2016,115851,2500,29,34,2.7
2017,65864,5102,41,48,2.0
2017,81812,4171,35,40,2.5
2011,136400,2500,34,39,2.3
2018,41182,7168,35,40,1.6
2013,118044,2813,18,23,4.9
2019,75652,7024,26,32,3.0
2023,5080,23078,37,43,2.4
2015,77514,5578,34,43,2.3
2009,109004,2500,30,35,2.8
2016,89651,7065,30,32,3.0
2013,111298,2500,36,43,1.8
2016,81806,4194,36,39,1.7
2025,1000,28980,43,51,1.8
2016,164828,2533,38,46,2.3
2015,98290,4437,32,39,2.7
2010,165374,2500,36,44,2.0
2019,69294,9267,39,45,2.0
2016,118110,5233,35,44,2.8
2022,58129,16585,31,37,3.2
2015,135075,3997,28,38,3.7
2011,240000,2500,37,43,1.7
2024,8989,24880,40,47,2.2
2020,47848,9745,44,52,1.7
2011,157207,2500,33,39,1.7
2021,46864,12432,38,48,2.3
2022,29394,20614,34,38,2.9
2022,46619,15505,36,43,2.0
2015,115736,4073,33,39,2.8
2024,4518,23906,38,44,1.9
2015,90293,2950,40,49,1.4
2023,20810,24079,38,43,2.7
2005,240000,2500,29,35,2.1
2014,99665,3691,24,32,3.7
2014,131380,3109,39,45,2.2
2021,36911,10526,41,48,1.8
2013,147349,3881,40,48,2.0
2022,42546,18099,32,39,2.8
2024,9908,24941,41,48,1.7
2014,72049,3039,33,41,1.6
2015,85969,3974,35,43,2.7
2014,102868,2882,36,44,1.6
2016,101932,4394,32,36,2.5
2013,183610,2500,30,35,3.0
2023,26433,17177,38,43,2.3
2018,82231,6823,36,43,2.1
2015,73102,4025,37,43,1.5
2025,1000,41608,28,35,3.5
2008,219505,2500,34,41,1.8
2022,41735,19660,36,42,2.0
2016,127719,2842,34,41,2.3
2023,22066,20718,33,41,2.9
2014,102093,5008,34,38,1.8
2018,117856,6284,31,40,2.8
2009,170779,2500,30,36,3.0
2008,125075,2500,32,39,1.8
2015,112033,2590,35,41,1.5
2018,88547,5766,32,38,2.8
2015,129214,2500,36,44,1.6
2012,194191,2500,35,43,1.9
2016,142638,2500,28,33,3.2
2012,221050,2500,38,44,1.6
2019,61459,9386,40,48,1.8
2018,60061,7448,37,44,2.0
2017,91934,4496,37,45,1.6
2024,16911,23310,42,49,1.8
2008,190354,2500,35,39,1.9
2013,158079,2500,37,45,1.3
2015,162124,2500,33,40,2.2
2019,69015,9989,36,44,1.8
2020,45986,9719,41,47,1.5
2015,87861,4426,39,46,1.1
2019,79203,9112,37,42,1.7
2018,98451,5167,36,43,1.7
2014,145133,3955,20,26,4.3
2012,236252,2500,28,34,2.9
2015,204330,2500,39,45,1.6
2019,70536,8529,46,53,1.7
2014,147257,2500,40,45,1.4
2014,97201,2500,34,43,1.5
2017,121513,4314,35,43,1.8
2012,135616,2500,38,44,2.0
2021,80450,14788,39,46,1.9
2009,132937,2500,31,36,1.6
2013,117657,2500,34,42,2.0
2018,111326,6937,30,32,2.6
2014,210100,2500,36,40,1.7
2014,143681,2500,32,39,2.9
2017,22978,8928,26,34,3.0
2014,138283,2500,38,45,1.5
2025,1000,25993,42,48,1.7
2022,23911,18041,34,41,2.5
2014,236195,2880,36,42,2.4
2016,99672,4917,38,45,1.7
2024,1000,26897,38,43,2.2
2017,117281,4520,37,41,1.4
2013,97958,2500,24,31,4.1
2017,94733,6412,24,29,3.8
2016,81554,2931,41,46,1.3
2007,240000,2500,35,39,2.0
2020,115399,11441,37,45,2.5
2015,125395,2500,28,36,2.8
2013,88176,4212,35,38,2.5
2017,65982,4102,35,40,2.2
2014,117568,2500,44,51,1.3
2020,42376,12310,31,38,3.1
2017,108773,8015,41,47,1.4
2016,68205,7016,32,39,3.1
2014,240000,2779,38,42,2.0
2018,43331,9214,32,39,2.4
2011,240000,2500,26,36,2.8
2023,11839,22598,38,42,2.3
2020,36329,7542,40,47,1.4
2014,151331,2500,28,35,3.8
2020,63732,10353,31,38,2.8
2013,228472,2500,25,29,4.0
2020,60983,15251,31,37,3.3
2021,61855,12043,41,49,1.4
2016,168584,3655,34,42,1.8
2006,142837,2500,31,36,2.4
2013,212402,2500,34,43,2.5
2016,71612,4871,40,47,2.0
2022,35428,18782,34,40,2.4
2011,200269,2500,40,48,1.8
2015,122299,4009,38,47,1.4
2016,67607,6262,29,38,2.9
2025,4119,36406,32,40,3.0
2019,105598,5913,38,43,1.6
2011,211446,2500,33,40,2.9
2019,88745,6538,29,37,2.7
2019,62528,10117,32,35,3.5
2023,38613,19535,41,48,1.9
2021,20420,12314,39,46,1.7
2016,101050,5839,40,48,1.7
2013,131503,2500,31,37,2.9
2011,105415,2500,35,43,2.1
2005,240000,2500,23,31,3.5
2012,127192,2500,33,38,2.7
2010,240000,2964,41,49,1.4
2015,131794,2500,37,47,2.1
2009,240000,2500,36,43,2.1
2009,240000,2500,38,44,1.5
2021,13106,12607,35,42,2.2
2016,82905,4155,41,48,2.1
2018,90533,3959,43,49,1.4
2023,24578,23195,32,36,3.1
2017,95292,5795,34,39,2.6
2016,164275,4160,34,42,2.2
2025,3924,41530,28,33,3.6
2019,99146,5065,38,44,2.1
2013,132472,2500,36,45,2.5
2017,153231,4613,38,44,2.4
2019,52535,9169,34,42,2.4
2013,134618,4304,40,48,2.2
2012,240000,2500,37,45,1.9
2014,89385,2500,35,41,1.9
2020,41181,9698,38,46,2.0
2013,79229,2500,40,50,1.7
2024,20078,30526,31,39,3.0
2017,79216,4882,36,40,1.9
2008,192112,3368,29,38,2.3
2017,127869,7898,35,41,2.2
2015,129424,2500,40,49,1.9
2019,49574,11022,35,42,2.3
2017,114547,2511,36,45,2.6
2005,240000,2500,29,35,2.5
2015,63402,5813,29,36,3.3
2013,107830,2613,29,36,3.5
2016,176952,3239,38,46,2.3
2022,35174,18723,32,40,2.8
2016,136817,5055,21,30,4.2
2017,115487,2500,43,50,1.5
2018,132831,7530,29,34,2.8
2018,82612,8221,43,51,1.2
2019,43868,11945,30,37,3.7
2021,48994,9546,43,51,1.8
2016,86189,4318,39,44,1.6
2013,165865,2500,32,40,1.9
2016,61068,3916,33,42,2.4
2018,88232,10055,35,41,1.8
2015,71314,3333,31,38,2.4
2010,143327,2512,30,38,2.6
2013,100066,2500,26,32,2.6
2013,123644,2500,37,41,1.7
2025,13781,27710,39,44,1.5
2020,127212,5285,34,39,2.4
2019,68922,7109,41,47,1.4
2011,240000,2500,29,36,2.7
2005,240000,2500,13,19,4.6
2022,47084,16295,35,42,2.3
2016,98686,2664,34,40,2.6
2017,101415,2734,40,44,1.5
2015,172597,5897,35,42,2.0
2010,156960,2806,36,42,1.9
2013,240000,2500,32,37,2.0
2014,180945,3587,38,45,1.6
2011,134232,3965,28,35,3.1
2022,32111,17364,39,46,2.6
2015,113394,3970,24,29,3.8
2013,114856,3120,29,36,2.7
2021,59484,10957,40,48,1.6
2020,41242,9605,35,40,2.6
2017,133175,6509,31,39,2.8
2019,121776,2919,36,43,2.2
2011,194502,3196,23,31,4.5
2009,240000,2500,30,35,2.0
2012,217783,2500,35,42,2.2
2020,63033,13298,30,35,3.3
2017,58570,7332,35,39,2.3
2011,134994,3360,27,38,3.2
2014,149333,2863,34,41,2.5
2021,37237,10338,42,49,1.2
2019,84942,6184,32,36,2.6
2018,105833,5198,35,42,2.6
2016,70974,7532,32,39,3.7
2009,120593,2500,38,42,1.6
2009,102546,2641,23,29,3.5
2013,94555,2500,40,45,1.9
2012,240000,2500,27,35,3.6
2009,240000,2500,33,39,1.7
2023,30735,18520,39,46,2.0
2012,182194,3297,21,28,4.1
2016,157691,3361,37,41,2.2
2015,112372,5733,27,33,3.5
2015,111673,5096,30,39,2.5
2019,72567,8857,33,41,2.9
2019,77325,4866,38,47,1.9
2017,161705,3136,39,45,2.1
2014,189904,2500,33,40,2.3
2017,93837,7360,30,39,3.0
2008,180000,2500,33,38,2.2
2018,90904,9374,24,27,3.5
2019,66724,6658,42,49,1.9
2017,110407,2958,37,46,1.6
2015,117104,4401,31,36,2.5
2012,108011,2500,34,39,2.1
2006,240000,2500,40,45,1.6
2024,5805,25200,39,43,1.8
2015,102760,4482,36,41,1.7
2021,77990,10327,35,41,2.2
2015,150584,3056,29,33,3.2
2016,80477,4726,34,40,2.2
2018,32706,9615,31,38,3.2
2018,58918,7241,41,48,1.5
2017,91334,4457,34,42,2.7
2015,117417,2500,40,43,1.6
2009,191707,2500,33,39,2.6
2008,214006,2500,29,36,2.7
2011,138127,2500,33,41,2.0
2013,142664,2500,35,41,2.4
2021,34855,12907,38,42,2.3
2012,198800,2500,35,39,1.8
2018,87145,7324,29,33,3.0
2020,85855,11639,35,41,2.3
2012,150921,2500,41,50,1.8
2021,83291,12263,38,44,1.9
2018,105783,7574,32,36,2.8
2016,132007,5654,35,40,2.0
2016,91683,3150,41,48,1.3
2010,153234,2500,26,32,3.4
2009,142966,2500,39,44,1.7
2018,69336,7436,38,43,1.9
2021,68803,12722,37,43,2.7
2014,104496,5195,26,33,3.4
2012,133951,2500,32,37,1.8
2008,170442,2500,35,42,1.7
2022,15676,17130,40,42,1.7
2017,74729,9755,20,26,4.8
2019,88836,7457,31,38,2.9
2018,79439,8248,29,36,3.6
2018,105175,6277,33,40,2.1
2017,110166,2753,38,47,1.8
2025,1000,33579,37,43,2.4
2015,137693,2536,36,42,2.3
2020,40837,7677,42,49,1.5
2012,181094,2500,39,47,1.8
2013,194465,2500,24,30,3.4
2008,240000,2534,27,33,2.6
2014,159314,2500,33,41,2.9
2014,126467,5612,38,42,1.7
2021,51623,13567,42,46,1.9
2014,79513,3289,42,50,1.4
2015,106161,2998,32,38,1.7
2016,119529,3680,26,34,3.3
2011,122908,2500,30,37,2.2
2012,184805,2500,32,38,2.8
2018,95046,7123,28,31,3.1
2023,40265,21227,39,46,2.5
2013,173527,2974,32,42,1.9
2017,133897,6641,34,40,2.1
2018,64270,8337,31,38,3.2
2012,175228,2500,27,33,3.2
2023,18242,20033,40,47,1.7
2023,22354,18537,38,45,2.3
2021,44818,7245,43,50,1.3
2016,63457,3566,36,42,2.1
2021,57942,9981,43,50,1.4
2013,240000,2500,32,37,2.2
2010,145978,2500,30,36,2.9
2017,168831,3113,35,42,2.1
2013,215030,2500,36,42,2.0
2023,18956,24342,34,42,2.8
2024,13098,24125,37,42,1.8
2016,118022,2871,40,46,1.3
2019,64580,9611,33,40,2.8
2023,14481,18471,37,43,1.8
2023,5892,17601,39,44,2.1
2016,86848,2500,40,46,1.6
2018,107435,7778,28,35,3.0
2010,168066,2628,33,39,2.9
2017,131439,4486,35,41,1.7
2009,240000,2500,34,39,1.7
2016,114474,4559,29,36,2.4
2014,175090,2500,36,42,1.7
2019,71013,8243,31,36,2.5
2021,63001,15477,33,40,2.9
2018,116560,7195,37,42,2.6
2024,1598,24481,38,44,2.2
2017,139808,5589,27,33,2.8
2022,38003,18196,39,43,2.5
2017,110847,5362,28,35,2.9
2018,107640,7138,37,44,2.5
2020,67291,12338,29,38,2.9
2017,93489,6929,26,31,3.6
2014,106620,2500,36,44,1.8
2015,174300,2500,34,43,2.1
2020,72206,7807,39,46,1.3
2018,78482,5629,36,43,1.6
2009,143607,2500,32,41,2.1
2018,86668,6587,37,45,1.7
2016,100074,3962,33,38,2.5
2016,185302,2500,36,43,1.8
2012,80207,2500,39,44,2.2
2012,202919,2500,24,30,3.2
2006,240000,2500,29,38,2.3
2016,110381,4215,22,29,3.7
2015,117635,4293,30,39,3.1
2012,153475,2500,30,35,2.6
2017,118509,5524,23,28,3.9
2021,76467,15035,28,32,3.1
2024,1000,20375,41,46,1.6
2009,146147,2500,38,45,1.4
2015,162555,2500,33,39,2.8
2025,11078,33663,32,42,2.8
2010,130337,2500,36,42,1.4
2019,34433,7063,41,47,1.4
2016,136784,3922,34,42,2.1
2023,35569,17794,39,47,1.8
2016,38562,5375,38,44,2.2
2011,166103,2791,33,40,1.5
2006,160417,2500,27,34,2.7
2016,112501,4367,36,41,1.9
2025,7751,28346,41,49,2.1
2012,113797,3005,29,38,2.9
2016,101327,4905,34,41,2.8
2019,56221,7342,38,43,1.5
2017,73179,7672,40,46,2.3
2016,109193,2677,30,35,2.7
2013,187475,2500,29,37,3.4
2013,198520,2500,30,39,2.5
2010,118741,2500,38,42,1.4
2012,152662,2500,41,48,1.3
2009,194945,2643,30,38,2.7
2018,49978,6637,31,35,2.7
2009,130875,2500,31,37,1.8
2020,93292,12428,25,30,3.2
2018,73048,7939,37,44,2.5
2006,240000,2500,32,37,2.3
2018,86002,8568,34,37,2.2
2020,53617,10811,31,39,2.6
2015,145379,4087,32,37,2.6
2018,122209,8561,23,29,4.1
2014,107589,4611,35,41,2.4
2006,136701,2500,24,31,3.5
2019,56096,8880,40,49,1.8
2007,240000,2500,30,37,2.0
2020,67621,7424,40,46,1.6
2017,106769,3700,37,42,2.1
2018,52240,9708,32,38,2.5
2016,34531,4301,39,46,1.5
2012,104281,3846,34,41,2.2
2015,181909,2500,33,42,2.4
2020,74611,7554,38,44,2.3
2005,240000,2500,37,43,1.3
2018,74785,6978,39,47,1.4
2022,23620,14384,38,44,1.6
2016,132949,3390,31,38,2.7
2016,172465,2500,37,42,2.1
2015,71764,6154,32,40,2.8
2013,81106,2500,38,44,1.9
2019,117723,9526,25,32,3.9
2014,109254,2500,34,39,1.9
2023,26383,22964,35,42,2.2
2019,37466,5973,41,49,1.3
2017,68006,6825,34,39,2.8
2014,240000,2500,29,38,2.9
2016,102178,3312,38,41,2.7
2024,9202,26518,35,44,2.4
2016,154316,2965,27,32,3.4
2017,123654,6099,32,38,2.8
2008,221018,2500,35,41,2.7
2019,42819,7981,38,43,2.0
2014,89817,2500,39,45,1.5
2021,31546,16543,33,41,2.9
2017,47105,5697,38,44,1.6
2017,70373,3114,36,41,1.8
2007,240000,2500,34,39,1.7
2013,64226,2500,29,34,2.8
2006,148858,2500,27,30,2.6
2014,119887,2787,32,36,2.3
2013,115978,2500,38,43,1.5
2021,61239,7733,38,46,2.0
2021,45199,15063,29,37,3.7
2019,90037,6884,27,34,2.9
2009,126594,2500,34,41,2.1
2024,1000,23498,43,52,1.7
2011,179011,2500,36,43,2.2
2010,240000,2500,31,38,2.0
2022,37353,13790,37,44,1.7
2012,148639,2500,28,31,3.9
2024,12161,40518,22,32,4.5
2012,111527,4323,21,28,3.9
2012,195674,2500,25,33,2.9
2023,35444,18472,42,48,1.7
2012,136410,2500,33,39,2.6
2019,53426,9735,36,43,2.6
2017,112752,4508,34,40,2.5
2025,2975,30802,40,44,2.0
2019,90767,9371,30,36,2.8
2010,171415,2500,28,34,3.0
2017,64415,4193,37,44,1.8
2015,75293,2500,39,43,2.0
2014,137822,4476,26,31,3.8
2023,24919,14769,42,50,1.0
2009,213367,2500,30,35,2.6
2020,86152,10051,36,43,2.1
2013,240000,2500,31,38,2.1
2017,105929,7172,30,36,2.8
2017,76591,8471,35,41,2.5
2021,48671,14581,38,46,1.9
2013,165884,3150,30,40,2.5
2012,186821,2500,39,43,1.3
2011,188169,3239,29,35,2.7
2009,140169,2500,37,44,1.3
2015,100034,2718,44,54,1.4
2014,163165,2500,33,39,2.5
2022,68739,13300,41,47,2.0
2009,240000,2500,30,35,1.9
2020,46456,8995,41,48,1.5
2019,41609,11924,37,43,2.6
2021,69901,7768,43,50,1.5
2015,135462,3908,38,45,1.6
2024,14424,23999,42,48,1.7
2021,59258,14657,39,48,2.1
2017,76896,5620,38,45,2.3
2014,68086,5005,24,32,3.6
2023,34107,19746,36,46,2.2
2017,57762,8500,38,45,1.9
2018,52081,6673,40,48,1.4
2017,147134,6942,32,39,2.5
2021,56530,11712,40,44,2.1
2011,97438,3095,37,44,1.8
2013,124224,4650,26,32,3.4
2018,37521,6892,35,42,2.2
2017,184024,4475,27,33,3.6
2012,190814,2500,27,35,3.5
2011,204000,2500,31,38,2.5
2016,61351,4838,34,42,1.8
2015,183543,2500,35,43,2.4
2012,129002,2500,39,49,1.8
2010,175715,2500,29,36,2.2
2014,240000,2500,42,46,1.3
2014,92479,2500,24,29,4.2
2015,180698,3104,38,44,2.2
2011,240000,2500,33,39,2.4
2017,74608,4175,38,46,2.0
2019,75381,8219,41,49,2.1
2025,1000,34496,43,49,2.3
2016,51714,8828,29,35,2.7
2010,92704,2500,25,31,3.7
2016,55516,8142,28,35,2.9
2021,46688,11002,41,46,1.8
2019,105819,6479,35,42,2.1
2006,212031,2500,34,39,1.8
2019,79577,11951,39,45,2.1
2025,1000,37749,36,42,3.1
2021,43144,8370,35,40,2.0
2020,68585,6966,40,46,1.4
2024,15426,33880,22,30,4.3
2015,86088,4876,37,44,2.6
2018,51391,9006,29,35,3.0
2015,66765,2991,37,46,1.9
2017,62447,3696,40,48,1.7
2016,68969,4020,33,38,3.1
2016,121416,4835,32,38,2.1
2023,17755,24932,34,41,3.0
2010,240000,2500,39,47,1.4
2017,120037,6599,36,44,2.6
2021,63711,15681,32,40,2.8
2025,2562,28900,38,43,1.8
2012,240000,3514,26,32,3.3
2023,17689,19209,42,49,1.8
2018,85774,6169,37,45,2.1
2023,22456,25704,29,35,3.7
2015,135474,3174,33,38,2.4
2019,87243,5153,36,42,1.9
2014,95334,2530,38,41,2.0
2018,66696,5765,38,46,1.8
2022,29823,21718,35,38,2.8
2011,216846,2500,31,40,2.8
2020,109072,7755,33,38,2.6
2014,240000,2500,38,44,1.9
2013,218513,2500,30,36,2.5
2013,120383,3647,31,37,2.7
2011,183306,2500,31,36,2.6
2025,1000,32167,37,42,2.5
2015,85717,3064,37,45,1.8
2019,81650,5157,38,47,1.9
2022,30037,15604,38,46,1.8
2013,192953,2500,33,38,2.1
2018,60433,6148,32,38,2.7
2014,155737,2500,39,46,1.9
2015,47509,4908,41,48,1.7
2013,145905,2855,32,35,3.0
2012,138336,2500,34,42,2.8
2017,62945,8860,26,35,3.9
2023,15702,24003,34,41,2.7
2009,240000,2500,22,29,3.4
2015,92741,4409,31,38,2.4
2016,119690,5211,32,39,2.5
2014,107556,2874,39,45,1.8
2021,43065,10625,42,48,1.7
2019,46328,6966,39,44,1.6
2016,99538,3833,42,46,1.5
2024,12270,25326,37,44,2.7
2017,98820,4998,34,40,3.0
2018,83259,6614,36,41,2.1
2011,218511,2500,33,44,2.0
2010,97437,3553,30,35,2.1
2014,101283,3034,30,33,2.6
2015,149574,2500,33,38,1.9
2018,82956,6967,39,45,1.4
2018,120681,5180,32,36,2.8
2019,75278,6915,36,44,2.5
2024,6589,33547,31,36,3.4
2015,115104,4371,18,26,4.4
2011,106980,2500,29,36,2.7
2017,61592,8325,33,38,3.1
2005,155945,2727,36,42,1.8
2014,178145,2500,40,49,1.5
2025,1000,35429,36,43,2.5
2011,82653,2500,36,43,2.3
2021,37476,18538,26,31,3.4
2014,114636,2500,33,37,2.4
2020,52381,8852,44,53,1.7
2018,56287,10853,32,37,2.7
2016,100805,5332,30,34,2.8
2009,119166,2500,30,37,2.0
2012,240000,2500,31,37,3.0
2020,44688,11751,35,41,2.6
2016,143603,4731,36,44,2.1
2017,61282,5630,38,45,2.1
2017,60842,8418,28,34,3.5
2016,102003,2746,34,38,2.5
2013,224532,2500,24,30,4.2
2017,62505,8295,23,29,4.3
2016,81334,6705,28,34,3.0
2010,240000,2500,36,42,1.8
2013,179240,3362,38,46,1.6
2015,134668,4232,34,40,1.9
2010,240000,2500,41,47,1.4
2017,109730,6205,38,44,2.2
2010,144232,2500,27,33,2.5
2014,139916,2500,32,37,2.7
2009,154338,2500,32,41,2.0
2016,99784,3549,38,45,1.6
2016,59615,2608,38,46,1.6
2013,70977,3878,32,38,1.9
2012,150241,2766,34,39,1.8
2018,96475,5793,26,34,3.8
2011,108951,2500,31,39,2.6
2011,186849,2500,25,34,2.7
2012,158336,2500,37,43,2.2
2022,50302,14963,38,44,1.8
2014,100647,3989,33,42,2.1
2018,87881,8980,33,41,2.5
2019,60558,10057,36,41,2.8
2013,130995,2500,40,46,1.4
2010,240000,2500,30,39,2.8
2018,92110,6591,29,35,2.8
2013,72053,4424,39,44,1.4
2011,231055,2500,36,44,1.7
2010,158689,2500,28,39,3.0
2022,20194,15993,38,41,1.8
2005,89947,2500,34,41,1.5
2018,89310,7914,31,39,3.5
2021,75189,18240,21,28,4.3
2016,107189,3885,37,44,1.9
2013,123469,2500,27,31,3.2
2011,106663,2902,38,45,1.6
2019,77073,8833,32,38,2.9
2015,97659,2522,39,46,1.5
2015,126289,4411,32,40,3.5
2012,118711,2500,37,42,1.6
2022,21262,19884,37,45,2.0
2013,105986,2500,39,44,1.5
2022,45211,18159,41,50,2.2
2014,125825,2500,31,38,2.5
2016,134527,3498,31,36,3.0
2010,152903,2658,38,44,1.6
2005,240000,2500,30,39,1.8
2009,240000,2500,30,38,2.4
2017,150495,3203,33,42,2.7
2016,141277,6585,33,37,2.8
2024,22294,27737,36,43,2.8
2025,1000,41417,26,32,3.9
2017,100737,2500,39,47,1.5
2016,96610,3536,39,44,1.9
2015,151618,2500,37,41,1.7
2015,185650,3665,31,38,2.5
2016,79471,6482,27,33,3.3
2021,37500,10955,33,40,1.9
2011,153633,2500,35,42,1.7
2024,22465,32137,29,33,3.9
2020,55764,10457,39,43,1.7
2013,222962,2500,35,44,2.3
2015,110485,2500,36,43,2.2
2014,129075,4554,30,36,2.7
2016,135495,2961,32,38,2.5
2011,238581,2500,34,39,2.7
2017,88143,6621,31,37,3.1
2010,127903,2500,30,39,2.2
2012,215060,2500,26,32,3.4
2005,128476,2500,33,40,1.8
2020,48410,10722,31,37,2.4
2008,240000,2500,38,43,1.6
2021,45089,16134,34,42,2.9
2024,14478,27241,36,41,2.5
2023,17827,24306,29,34,3.3
2005,240000,2500,33,39,1.9
2009,139491,2500,33,39,1.8
2013,97409,3323,35,41,2.2
2023,32304,22708,31,41,2.7
2019,31645,7945,38,42,1.6
2006,240000,2829,15,22,5.0
2014,197547,5633,24,30,4.2
2014,78914,5611,27,35,3.8
2010,151659,2500,26,31,3.3
2018,64654,4629,33,43,2.0
2014,141450,2500,32,37,2.1
2021,34961,11797,40,45,1.9
2018,116992,4935,39,45,1.6
2019,89305,6520,39,44,1.6
2014,94218,2500,32,37,2.5
2015,134433,4341,40,48,1.6
2022,40822,14644,38,45,1.7
2016,98626,5289,36,43,2.6
2017,83780,4151,32,38,2.7
2024,15243,29587,35,43,3.1
2016,126246,2583,41,46,1.7
2019,105020,6842,31,37,2.4
2012,122158,2500,34,40,1.5
2015,120962,2500,34,38,1.9
2013,133131,3227,27,38,3.1
2011,142098,2500,35,40,1.8
2013,116730,2817,28,33,2.7
2019,67080,11000,24,32,4.2
2015,114429,2500,36,41,1.5
2018,108624,4146,39,45,1.9
2019,58656,11296,25,30,4.1
2016,98635,5496,28,33,2.9
2015,107824,4606,28,36,3.4
2013,218226,2500,32,36,2.4
2024,13094,23144,42,48,1.9
2012,132837,2500,38,46,2.1
2013,83386,3570,33,40,2.4
2012,173767,2500,38,44,1.5
2020,52278,14517,27,34,3.3
2022,45903,15179,34,40,2.6
2017,81654,4747,32,36,3.0
2018,134256,2500,41,46,1.4
2021,51261,15055,33,40,2.9
2011,178242,2500,32,37,2.9
2013,134660,3113,27,34,2.2
2013,190886,2500,31,39,2.7
2013,75870,4506,35,43,1.8
2011,148463,2500,26,29,3.3
2011,129563,2500,34,39,1.4
2018,95315,6382,35,41,2.6
2010,153334,2500,28,32,2.6
2015,120698,3290,29,34,2.8
2018,108651,3764,41,46,1.4
2015,75392,2500,36,45,2.4
2014,123200,2500,31,36,2.8
2020,78239,8025,33,40,2.5
2011,201646,2695,33,36,1.7
2013,127424,2500,36,38,1.7
2014,227799,2500,40,48,1.8
2023,5925,25916,34,40,2.8
2016,127762,2959,39,44,1.9
2016,145043,5215,33,39,2.9
2011,162904,2500,32,38,2.8
2021,48570,9673,41,51,1.7
2020,69582,9341,35,41,1.7
2019,81298,10335,36,43,2.5
2015,225506,2500,36,43,2.0
2016,68798,3638,34,38,2.3
2016,112267,2727,42,46,1.1
2017,169065,2598,36,46,1.9
2017,134675,4119,39,46,1.7
2016,107225,2500,38,47,1.9
2019,90370,6306,38,46,1.5
2005,240000,2500,31,38,2.6
2017,123839,3604,37,44,1.5
2019,119489,7120,32,39,3.1
2013,129211,2681,34,40,1.4
2015,140490,2500,27,32,3.6
2013,77260,2500,37,43,2.0
2011,234875,2500,36,40,1.8
2017,88777,6057,32,36,2.1
2010,168891,2500,36,42,2.3
2022,31165,18817,39,46,2.1
2011,150362,2500,35,42,1.7
2011,172050,2500,37,45,1.7
2018,129528,3698,36,39,2.5
2020,36999,7975,42,49,1.3
2013,124063,3087,31,36,3.1
2013,132099,2500,39,46,1.7
2021,51264,11903,38,41,2.4
2006,240000,2500,37,45,1.7
2016,115647,3312,38,42,1.9
2014,103816,2500,39,45,1.3
2013,89507,4245,35,41,2.0
2018,105092,6774,33,38,2.4
2007,161973,2500,24,31,3.5
2018,91264,6803,39,47,1.6
2019,50047,9622,38,43,2.4
2011,240000,2500,37,45,1.1
2014,172223,2500,39,46,1.7
2017,194301,4541,33,41,2.8
2005,240000,2500,28,35,2.4
2016,81968,3129,36,43,2.3
2018,137106,4729,37,43,2.3
2010,194247,2500,19,28,4.0
2025,1000,43339,27,35,3.8
2019,47822,11480,33,40,2.5
2020,59311,11313,33,41,2.3
2016,55059,2500,35,42,2.3
2015,79049,4020,31,40,2.5
2022,37271,11547,38,46,1.5
2025,4608,34326,32,37,2.7
2020,102393,8590,32,40,3.1
2011,136739,2500,30,37,3.0
2015,167548,2500,44,52,1.6
2019,81332,8550,40,45,2.4
2018,56258,5741,37,42,1.5
2018,78892,6391,37,42,2.1
2014,47206,3919,38,44,2.1
2016,214877,2500,37,46,2.6
2020,48015,9659,39,46,1.7
2021,76605,10460,36,43,1.6
2019,65110,10046,35,40,2.1
2022,58963,11470,37,43,1.8
2014,127220,3088,31,40,2.9
2013,134435,2500,31,39,2.5
2017,110855,7223,30,36,3.0
2021,61028,11078,35,42,2.2
2019,78472,9776,31,36,2.8
2025,4248,37208,33,43,3.0
2015,109992,2500,32,41,1.8
2013,139961,2500,38,43,1.8
2022,47561,18783,28,34,3.1
2024,1000,22920,46,55,1.5
2009,152819,2500,35,43,2.2
2013,198014,2500,34,41,1.9
2016,158421,2500,40,47,1.7
2012,131898,2500,27,35,3.8
2010,184658,2500,35,41,2.0
2011,161113,2500,34,39,1.8
2012,168173,3582,40,47,1.5
2013,143234,2500,31,37,2.5
2017,224819,2500,34,40,2.3
2012,150492,2500,31,41,2.3
2022,29399,16285,38,46,1.7
2015,213804,3302,33,38,2.6
2010,158993,2500,34,41,2.0
2013,110317,2500,32,41,2.4
2012,240000,2500,30,36,2.5
2016,97526,3968,40,46,1.7
2011,136439,2969,36,44,1.6
2017,101225,5450,30,38,2.9
2011,207039,2500,36,43,2.3
2011,137935,2579,36,41,1.8
2014,171218,2500,39,45,1.7
2020,71892,11452,31,39,2.9
2018,60115,5206,35,42,2.3
2011,152981,2500,25,35,3.6
2018,111912,5441,38,45,1.8
2016,73293,4184,36,45,1.8
2013,148069,2500,35,45,1.5
2020,56838,11660,29,37,2.4
2020,78196,7518,40,49,1.9
2018,130095,3538,34,41,2.2
2025,2472,27224,41,46,1.6
2017,110645,5763,34,42,2.5
2025,1000,29041,42,49,1.7
2015,119486,2913,32,37,2.1
2019,64524,8608,41,47,1.7
2016,129952,2500,40,49,1.7
2015,205089,2500,36,39,1.6
2013,112564,3345,23,29,4.1
2021,40863,19037,20,28,4.3
2017,136674,2716,33,41,2.4
2011,180061,2500,30,39,2.3
2022,62444,15719,36,44,2.4
2019,81977,8017,36,42,1.8
2019,114300,3298,40,46,1.7
2021,63073,8584,43,49,1.3
2014,231025,2500,25,32,3.8
2018,125910,6645,34,39,2.1
2013,148593,2500,35,42,1.6
2015,111315,2500,27,34,3.3
2024,5839,25411,42,47,1.7
2022,18182,25390,32,41,4.0
2017,112614,7476,31,40,2.5
2018,88282,4639,33,36,2.4
2025,9159,27555,39,47,2.1
2010,240000,2500,31,34,2.1
2016,150928,3077,36,43,1.6
2015,76146,4296,36,43,2.1
2013,133214,2500,42,48,1.5
2012,139832,2500,34,40,2.3
2012,211090,2500,34,40,2.4
2016,99212,3276,32,38,1.9
2018,41933,5423,39,41,1.7
2015,89121,3613,26,34,2.9
2014,240000,2500,32,34,2.6
2020,94672,10530,37,44,3.0
2012,191301,2500,32,40,2.5
2024,11254,30138,35,41,2.6
2009,210240,2500,16,23,4.7
2017,60819,6004,36,40,1.9
2011,154905,2500,40,47,1.5
2020,66914,11971,30,36,3.3
2013,117570,2500,35,40,2.2
2017,135015,5962,25,30,3.8
2013,217000,2500,34,40,1.8
2018,89746,5208,41,49,1.4
2019,45134,8719,34,38,2.7
2018,52559,6296,37,46,1.8
2024,10137,24367,39,43,1.7
2021,30277,14251,37,43,2.1
2017,87964,4137,40,46,1.6
2011,198833,2500,28,36,3.8
2009,111858,2500,35,42,1.7
2024,17400,27075,39,45,2.2
2021,35334,15546,34,43,2.8
2012,240000,2500,38,45,1.6
2007,240000,2500,39,46,1.7
2014,79503,2500,38,44,1.8
2021,45950,15710,30,37,2.9
2009,208963,2500,34,39,2.4
2011,126607,2929,28,34,2.7
2009,238400,2500,27,35,2.8
2017,64232,4410,37,43,2.3
2005,177007,2500,33,39,1.7
2022,26171,14557,40,44,1.9
2012,224956,2500,21,24,4.1
2015,114668,2500,34,38,1.9
2020,63188,12097,37,45,2.1
2009,229017,2500,35,41,2.3
2016,124019,3044,29,36,3.0
2013,161074,2500,24,31,4.1
2013,169062,2500,34,44,1.9
2021,25908,9257,39,46,1.3
2015,87808,2500,36,43,2.0
2015,45112,7994,33,38,1.7
2018,68833,7806,29,37,3.5
2020,53944,10241,33,41,2.9
2006,196822,2500,29,35,3.3
2015,141748,4160,44,47,1.5
2017,92682,4397,32,37,2.3
2021,55449,12303,31,38,2.4
2008,176997,2500,28,35,2.7
2013,85824,2716,35,41,2.3
2019,65256,10209,31,38,3.6
2024,5360,27408,35,38,2.4
2013,214873,3572,33,42,1.8
2019,60202,13367,29,35,3.4
2014,107885,2500,24,32,3.7
2013,237772,2500,36,43,1.9
2007,240000,2500,38,43,1.6
2010,153953,2500,42,46,1.3
2015,131707,2905,31,40,2.5
2012,140762,2500,40,43,1.5
2013,114916,2500,34,40,2.1
2014,153849,2500,30,37,2.5
2016,116153,3950,32,37,2.4
2014,45521,4083,39,45,1.3
2019,49981,11515,32,37,2.5
2020,55558,11377,32,39,2.6
2016,128672,2500,33,41,2.2
2019,122326,6710,34,42,2.3
2019,51891,13004,25,29,4.7
2016,94113,3609,38,44,1.0
2016,140494,3242,32,38,2.3
2014,108014,2706,36,43,1.3
2017,94788,5102,35,41,2.3
2025,13006,27023,39,46,1.5
2022,51399,13805,39,46,1.8
2008,127318,2500,17,23,4.1
2017,140181,7132,33,38,2.8
2011,97890,2500,34,41,2.0
2015,92182,4800,38,45,2.0
2016,88424,2500,32,41,2.3
2006,144592,2500,32,39,2.5
2020,34655,13727,28,36,3.8
2018,90873,4998,39,43,1.7
2014,173496,2500,35,44,2.2
2015,83327,3884,34,36,2.5
2016,75255,3126,32,38,2.5
2005,240000,2500,30,36,2.2
2012,175086,2951,37,43,1.6
2016,114079,2894,23,29,3.8
2012,240000,2836,24,32,3.5
2015,137153,3606,38,46,2.2
2024,11424,27693,34,38,2.2
2024,8105,22825,41,49,1.7
2014,166507,2926,34,41,1.8
2008,209373,2500,40,46,1.5
2011,240000,2500,37,45,1.5
2011,164416,2500,35,41,2.3
2018,61159,3941,40,46,1.6
2017,84456,8239,27,34,4.2
2020,59960,14474,28,33,3.1
2024,13638,30018,30,34,2.8
2014,142472,5777,25,30,3.0
2020,59179,9886,38,43,2.1
2011,128450,3063,26,32,3.9
2021,30547,11546,38,43,1.7
2020,43936,9889,31,38,2.6
2017,70100,5835,40,47,1.8
2018,47833,4558,32,39,2.5
2016,165179,2500,16,20,4.6
2022,56422,16813,30,37,2.8
2019,65130,10476,36,44,2.1
2015,111777,2780,38,44,2.1
2020,55526,9274,36,42,2.0
2019,52328,8827,34,39,2.4
2021,77582,10271,39,48,1.5
2010,90522,2500,20,27,4.7
2013,129910,2500,41,46,1.5
2011,108212,2500,30,39,2.8
2013,170285,2500,28,32,3.6
2019,62329,7527,38,45,1.7
2020,64525,9875,43,50,1.4
2019,64367,10431,37,43,2.6
2021,79133,10111,37,46,2.3
2018,116982,3256,42,51,1.3
2013,124423,4788,32,38,2.3
2024,16849,23684,38,47,1.9
2025,1000,36529,32,39,3.0
2013,203171,2500,36,42,1.8
2013,123216,2500,38,45,1.7
2022,38893,18108,33,41,2.4
2013,61766,2500,40,46,1.4
2019,52744,5814,38,44,1.5
2014,111194,2500,37,42,1.7
2017,114662,5786,34,39,2.3
2006,150320,2500,32,38,2.0
2012,197423,2500,33,39,3.1
2014,115433,2705,32,39,2.5
2023,9472,21710,39,44,2.3
2013,206309,3332,39,46,1.6
2016,160384,5076,35,43,1.6
2015,106173,3508,33,40,2.6
2018,134647,6577,40,46,2.0
2011,127329,2500,34,38,1.6
2025,1000,29977,40,44,2.2
2017,111696,2500,35,42,1.8
2016,61737,7713,31,35,3.8
2013,125066,6471,34,41,2.8
2017,160613,6343,32,41,3.3
2012,125106,2500,37,44,2.1
2018,107032,7847,29,37,3.2
2022,41307,14817,38,43,1.9
2014,80532,2500,35,41,2.7
2005,182987,2500,28,35,2.9
2011,134761,2500,37,42,1.2
2021,24013,10158,42,50,1.5
2006,240000,2500,36,44,1.4
2017,69046,4145,36,43,1.9
2013,200548,2500,33,38,3.2
2015,163601,2500,33,40,2.4
2011,147504,2500,28,33,2.6
2015,87880,4707,32,38,2.9
2024,17240,33645,31,35,3.2
2021,71123,11634,42,49,1.6
2016,129375,3190,27,35,3.1
2014,141811,5349,29,37,3.0
2018,45859,9575,28,35,3.5
2014,118179,3538,35,41,2.0
2020,71716,11908,39,46,1.3
2016,113030,2925,39,44,1.9
2011,139815,2500,39,47,1.5
2017,130698,4725,38,46,1.9
2020,54603,10607,35,42,2.4
2018,116772,7162,32,38,2.4
2021,44578,13663,36,45,2.3
2009,123303,2500,38,46,1.8
2010,112794,2500,40,46,1.5
2018,60818,7659,35,43,2.2
2016,158907,2500,38,44,1.4
2019,54506,7894,42,49,1.3
2015,154140,2500,38,46,1.7
2012,127664,2500,33,40,1.7
2020,89783,8939,38,44,2.1
2009,174998,2500,30,36,2.6
2013,95730,2500,34,40,2.0
2021,48708,10441,32,39,2.1
2021,61848,13997,34,40,2.6
2022,75750,13084,38,45,1.6
2010,240000,2500,40,47,1.9
2018,105012,6457,35,40,2.0
2020,34413,12647,35,41,2.7
2009,149793,2500,35,39,1.8
2020,75362,7542,36,45,2.0
2013,194316,2545,35,41,1.9
2018,74305,5753,42,48,1.5
2020,67320,9693,40,48,1.9
2006,164359,2583,23,29,3.1
2011,157781,2500,31,40,2.7
2010,144579,2500,31,35,2.5
2024,21449,28341,36,44,2.6
2013,168786,3751,36,42,1.8
2016,68416,4160,38,44,1.7
2014,112480,2500,25,32,3.9
2019,57359,6290,43,50,1.1
2019,120909,5877,43,50,1.9
2025,6099,31088,40,45,1.6
2013,129941,2500,39,46,1.2
2015,102810,3153,27,34,2.8
2021,67816,12968,40,45,2.1
2008,182607,2500,31,38,2.6
2014,90898,3065,40,48,1.3
2020,62446,8773,39,46,1.4
2012,86496,2500,33,42,2.3
2016,88326,6887,23,32,3.8
2016,148306,3574,36,44,1.7
2012,122549,2521,36,45,1.4
2019,36226,12006,29,38,3.0
2025,1000,30674,35,41,2.0
2016,94169,2500,34,41,3.3
2019,49320,9393,36,41,1.7
2010,163637,2500,28,36,3.0
2015,92000,3319,36,40,1.5
2016,167664,2500,31,38,3.1
2012,83027,4692,36,44,2.7
2010,94580,2500,37,42,2.2
2022,44099,15863,37,43,1.8
2025,1000,24313,38,47,1.4
2024,5689,24587,43,47,1.9
2011,240000,2500,30,37,2.6
2016,144744,3822,41,52,1.8
2022,58197,12497,41,47,2.3
2021,49473,13051,39,45,1.8
2007,209643,2500,35,41,1.8
2015,137927,2745,35,42,1.9
2021,69482,9287,40,47,1.5
2010,196218,2500,28,35,2.5
2010,157448,2500,32,37,2.0
2019,55988,6437,32,35,2.4
2017,70831,7325,33,39,2.0
2019,70471,6730,34,39,1.8
2021,59071,13212,40,44,2.1
2016,154868,2500,36,44,1.5
2019,84944,8158,29,36,2.8
2012,147626,2500,35,40,2.1
2017,97673,6653,31,36,2.7
2022,46708,9648,43,51,1.5
2024,27328,17604,42,49,1.5
2014,82211,2500,35,41,2.3
2012,240000,2500,39,49,1.2
2017,72738,3086,35,44,1.7
2019,56919,12680,31,38,3.7
2008,240000,2665,31,38,2.7
2018,67139,7103,32,38,3.2
2013,145891,2500,38,43,1.9
2018,72570,2500,38,45,1.9
2019,77811,5472,38,43,1.7
2013,123683,2500,35,41,1.8
2014,132054,5148,32,39,2.8
2008,234646,2500,22,30,3.8
2013,188700,2500,40,46,1.5
2017,49650,6185,33,42,2.6
2015,151073,2500,37,43,1.4
2021,41273,16306,35,39,1.9
2005,214186,2500,35,42,1.7
2016,99530,7989,22,30,4.1
2014,121684,2500,41,46,1.9
2017,107608,4890,39,44,2.0
2015,84351,2500,34,39,1.7
2017,91489,4564,34,41,2.4
2019,74025,6070,40,47,1.7
2018,118829,4796,37,45,1.8
2023,28206,17461,40,46,2.0
2011,240000,2500,21,27,4.2
2018,164394,3302,40,44,1.6
2014,119530,2500,34,39,2.4
2013,90669,2753,36,42,2.0
2018,71120,3842,32,37,1.9
2018,120039,2642,33,39,2.4
2009,126449,2500,34,41,1.7
2009,155813,2500,32,37,2.2
2016,120021,5532,37,44,2.0
2017,102178,3915,39,45,1.6
2013,123874,2500,24,30,4.2
2012,159440,2500,30,38,2.8
2013,146780,2500,30,37,2.6
2012,112637,2500,34,38,2.2
2018,79481,4852,39,45,1.6
2013,148524,2500,36,43,1.8
2014,122309,2500,35,41,2.4
2019,26936,13041,28,33,3.6
2017,109397,9145,36,44,2.0
2014,71227,6353,26,33,3.6
2014,96236,2500,29,34,2.7
2013,158747,2500,36,44,2.0
2018,129711,4785,37,44,1.7
2021,52170,12200,34,41,3.2
2007,175394,2500,26,30,2.7
2014,141708,3856,27,31,3.0
2018,100458,8870,35,40,2.1
2018,96481,3207,46,52,1.3
2018,40516,7050,31,37,3.1
2006,240000,2500,30,38,2.5
2019,76910,4804,37,43,1.6
2020,61820,12462,33,40,2.8
2014,94623,2500,33,40,2.4
2015,87313,2761,26,31,3.2
2018,101189,4909,35,40,2.5
2017,71637,8279,32,37,2.5
2018,62183,6929,41,46,1.6
2022,59737,22541,29,35,3.9
2007,190708,2500,25,30,2.7
2022,42225,18747,32,40,2.7
2013,240000,2500,34,40,1.7
2011,102241,3116,29,36,3.5
2019,65505,10265,32,37,2.4
2016,140820,5940,29,36,3.1
2021,31570,10983,44,50,1.2
2018,107594,3511,36,41,1.8
2009,240000,2500,25,33,3.0
2013,156217,4012,30,37,2.6
2024,1589,30813,33,40,3.1
2018,84238,6497,37,44,2.6
2009,230907,2500,29,36,2.4
2014,87890,2993,28,34,2.5
2025,1000,25887,41,46,1.9
2019,46178,4917,41,46,1.4
2012,106813,2500,41,46,1.6
2009,187861,2500,28,32,2.6
2020,40190,9548,38,45,2.0
2009,151809,2630,38,47,2.2
2019,29344,10975,28,33,3.0
2017,169160,5847,36,44,2.3
2019,73500,8438,38,43,1.9
2016,126425,2782,34,39,1.7
2020,68672,8757,43,52,1.7
2017,51180,7652,25,30,3.3
2017,137515,7729,37,44,2.7
2010,156197,3369,37,41,1.6
2021,47395,13248,32,39,2.2
2018,93904,4002,40,49,1.7
2015,149004,2672,23,29,3.8
2014,167801,3210,29,37,3.1
2022,42671,23703,23,27,4.4
2016,64964,4054,31,38,3.2
2011,116843,3242,29,35,2.8
2021,16127,20424,25,33,3.7
2012,175769,2500,32,39,2.6
2018,35032,6334,40,43,1.8
2015,149035,2881,40,49,1.6
2015,165189,2500,37,43,1.5
2014,105139,5401,28,34,2.9
2021,59655,10939,40,48,1.9
2015,96877,2500,38,44,1.8
2010,109719,3218,38,45,1.6
2016,104046,3930,34,40,1.8
2024,18365,21061,43,47,1.5
2023,19580,27644,27,36,3.6
2011,195551,2500,26,32,3.2
2020,68996,10198,41,48,1.3
2022,27358,13945,37,42,1.7
2020,39349,10954,42,47,1.5
2017,118837,3041,31,38,1.8
2014,173776,2500,32,37,2.4
2018,121724,4724,44,50,1.6
2016,71641,4839,42,49,1.5
2017,101993,4129,36,43,2.3
2015,105439,7036,20,30,4.1
2021,68299,12344,37,42,2.4
2023,21931,18291,40,46,1.7
2019,105887,5057,41,44,1.8
2022,37682,16002,40,46,2.0
2017,83331,4964,30,36,2.6
2019,144636,6567,35,39,2.3
2014,240000,2500,38,44,1.5
2013,121298,2500,29,35,2.7
2019,71326,9902,31,39,3.1
2015,72344,2717,38,42,2.1
2007,188645,2500,28,35,2.6
2016,57681,3790,38,47,1.9
2019,72038,9362,35,38,2.7
2013,152378,2500,32,39,2.6
2023,27248,16110,44,50,1.4
2010,119546,2500,38,44,1.5
2007,221317,2500,37,41,1.3
2020,41173,7854,40,47,1.6
2015,104474,2500,29,37,2.5
2011,175562,2500,38,44,1.4
2015,60219,8801,33,39,2.2
2011,94587,2500,34,40,1.5
2013,124631,2500,35,41,2.1
2011,213133,2500,32,40,1.9
2017,125351,2739,29,36,2.5
2016,64097,3242,38,45,2.2
2016,141831,5051,40,46,1.7
2022,41427,16718,36,43,2.4
2014,101319,4635,29,35,3.0
2019,52039,7399,44,50,1.6
2019,89976,6204,34,42,2.4
2017,151706,3570,40,43,1.9
2014,120603,2500,38,46,1.5
2014,162113,3082,36,41,2.1
2020,148949,8707,33,40,2.8
2019,121789,5822,44,51,1.8
2020,74735,9056,36,43,2.8
2016,123349,4177,30,38,3.3
2011,140891,2500,38,44,1.7
2020,34177,15355,27,31,3.7
2015,113184,4137,34,39,1.9
2020,67833,8308,37,42,2.2
2021,38517,13300,30,35,2.9
2005,207265,2500,37,44,1.5
2016,107006,4322,39,45,1.8
2019,99415,8232,34,42,2.8
2007,158164,2500,31,38,1.8
2017,159528,3484,39,46,1.7
2009,212328,2500,21,27,3.4
2014,95236,2500,32,40,2.4
2018,105612,8943,31,39,2.6
2017,127822,4223,31,37,2.6
2023,7068,28562,28,35,3.3
2014,100284,3667,32,42,2.6
2013,122594,3053,42,50,1.3
2013,127719,2875,38,44,1.3
2018,106498,6706,33,39,2.4
2012,104528,2500,36,44,1.6
2014,195370,2656,31,39,2.3
2020,73568,9100,37,45,2.0
2018,92856,4378,39,45,1.4
2016,146057,4824,37,42,2.1
2020,54266,8609,39,46,2.2
2009,224125,2500,33,41,2.1
2021,60704,16187,29,36,3.8
2020,33916,12408,39,45,1.7
2015,99890,5143,39,44,1.5
2016,108661,2500,39,46,1.2
2020,89402,9395,41,48,1.8
2012,153036,2968,27,33,3.7
2020,69097,9265,41,50,1.2
2013,105676,2500,40,49,1.6
2018,62560,10199,26,35,3.7
2016,103087,5459,31,36,2.6
2011,225358,2500,26,34,3.1
2016,77468,4815,37,44,2.0
2016,70557,3770,31,36,2.4
2015,150692,2500,39,48,1.1
2017,88999,5536,35,40,2.0
2016,124279,2841,37,45,2.1
2009,136016,2758,15,24,4.6
2018,102864,5427,38,45,2.0
2015,90725,4132,35,40,2.6
2016,51570,3685,38,45,1.6
2012,65552,2500,32,41,1.9
2016,90665,4720,22,25,4.4
2015,87072,5635,30,33,2.6
2018,72009,6547,35,40,2.3
2019,75396,8118,39,46,2.4
2013,80342,2601,37,43,1.8
2010,168288,2500,31,36,2.4
2011,192462,2500,38,45,1.5
2018,78956,11136,31,37,2.5
2019,113989,7118,38,43,1.8
2014,50730,2500,36,43,1.9
2017,69203,9569,38,44,1.9
2019,68011,4626,41,50,1.2
2012,240000,2500,28,33,3.0
2010,188141,2500,32,38,2.5
2022,31275,15318,38,44,2.1
2011,173062,2585,36,41,1.9
2023,31339,18720,42,49,1.7
2016,141385,2937,35,43,1.9
2013,87794,2848,37,45,2.0
2018,74578,5445,41,49,1.7
2020,74235,11385,32,38,2.8
2014,206487,2546,41,45,1.4
2015,32090,3926,38,45,1.4
2012,132938,2500,32,39,2.6
2012,157986,3286,32,40,2.9
2014,115085,3266,33,40,1.9
2016,72691,8215,27,37,3.0
2018,94116,7219,35,40,2.2
2024,15110,21353,44,52,1.5
2019,51863,10175,31,38,2.7
2023,26490,18163,37,42,2.2
2019,56265,9175,31,40,3.0
2019,66944,6952,33,40,2.1
2015,151085,2500,36,44,1.7
2012,171483,2500,32,38,2.7
2021,35471,17045,24,30,3.9
2018,72996,4284,41,47,1.5
2019,113973,6948,39,48,1.8
2014,146684,2500,33,41,1.7
2006,227490,2500,31,37,1.5
2010,143236,2500,34,41,1.6
2024,15076,21112,41,48,1.5
2015,75197,4315,34,41,2.7
2019,61976,11311,28,35,3.2
2015,118417,2500,31,37,2.6
2021,43406,14451,39,46,1.9
2005,238830,2500,27,32,3.4
2020,54865,15263,34,40,3.6
2013,240000,2500,39,44,1.6
2006,240000,2500,36,45,1.6
2011,122922,2928,30,37,2.9
2010,219583,2500,36,42,1.4
2018,59423,5069,32,37,2.2
2025,1702,42603,32,39,4.0
2014,83152,2897,26,33,3.5
2018,146434,4629,34,42,1.8
2020,49347,8329,42,50,1.8
2011,240000,2500,35,43,1.5
2015,101180,2500,35,44,2.5
2014,105752,2500,34,45,2.2
2015,48020,3135,39,43,1.8
2012,169711,2500,33,37,2.1
2011,129954,2873,31,38,2.6
2015,97277,4647,37,44,1.8
2019,89194,8414,32,40,2.8
2014,87222,2589,37,44,1.4
2015,86810,3632,36,42,1.8
2024,15993,25085,41,46,2.2
2019,67649,7100,33,35,2.6
2005,196456,2500,37,42,1.5
2014,102008,2500,33,42,2.4
2015,99534,4609,30,39,2.2
2017,86984,4510,29,35,3.4
2014,83229,2500,39,45,2.0
2012,210334,3689,35,41,1.9
2018,90525,3846,36,44,2.3
2017,101352,3901,33,41,1.7
2019,55576,10209,38,46,1.8
2015,138057,3470,33,39,2.5
2016,168979,3252,35,40,2.3
2014,108772,3686,35,40,2.0
2021,56663,13718,40,46,2.2
2021,36064,11482,41,48,1.3
2019,59356,7358,32,39,2.5
2021,60572,13360,31,40,2.9
2012,160943,2500,37,46,1.5
2010,240000,2500,30,36,2.6
2022,57174,19894,28,34,3.5
2020,57102,9268,44,50,1.5
2016,74068,4146,35,42,2.3
2022,38169,15268,42,47,1.5
2015,240000,2500,35,42,2.8
2023,33538,21492,35,40,2.5
2020,60632,9540,37,44,2.7
2018,69945,5535,33,42,2.6
2014,122950,2500,36,40,2.1
2025,1000,30956,40,47,1.9
2012,200897,2500,34,40,2.2
2020,52227,11879,36,43,1.8
2016,190644,4665,29,37,2.7
2018,66041,8421,29,37,3.2
2020,63748,12500,35,41,2.9
2017,77294,6506,38,44,1.5
2016,94491,2995,35,40,1.8
2025,1000,30034,37,43,1.9
2011,109522,2500,31,39,2.3
2015,140610,2500,38,44,1.8
2022,24072,15619,35,44,2.5
2012,109082,2500,35,41,1.7
2008,240000,2500,29,35,2.9
2020,43158,12738,34,41,2.5
2020,50119,10972,34,41,3.0
2013,143705,2500,34,39,1.6
2021,63051,14635,34,39,2.9
2020,79595,10886,40,47,1.8
2011,240000,2500,35,44,2.1
2025,11835,25039,41,48,1.5
2019,80851,11550,30,36,3.3
2011,99855,2500,26,37,3.5
2020,86653,9804,33,40,3.1
2020,71903,10858,35,39,2.5
2012,145993,3504,30,37,2.5
2016,169682,2500,37,45,1.7
2016,109926,4447,37,44,2.3
2022,45502,18617,32,38,2.6
2013,152854,4045,20,26,4.4
2015,123867,2500,40,46,1.5
2014,154323,2500,38,46,1.9
2011,168732,2500,40,46,1.1
2022,37620,16573,35,41,2.3
2017,104606,5233,34,38,2.2
2022,41499,11438,40,46,1.7
2011,240000,2500,37,43,1.5
2016,109461,5807,27,32,3.1
2005,240000,2500,31,40,2.1
2015,83743,6046,36,42,1.7
2025,1000,29412,40,47,1.8
2010,145298,2500,37,44,2.1
2016,131348,9733,24,30,3.7
2019,63736,10784,30,36,3.0
2014,111496,3878,32,38,2.5
2015,142690,2508,27,34,3.2
2019,26499,10068,37,41,2.1
2015,105127,4902,28,34,2.6
2017,90214,8216,31,39,2.8
2017,150777,5339,35,41,2.5
2015,178996,3176,34,43,1.9
2016,175473,2500,37,46,1.8
2014,135344,4048,38,45,1.8
2016,136981,5068,36,44,1.8
2023,24781,18285,38,46,2.4
2011,240000,2500,28,35,3.0
2016,78437,5593,27,34,2.6
2011,208527,2500,40,48,1.4
2019,32423,10212,39,46,1.9
2015,119610,4771,27,35,3.4
2017,62116,7730,36,41,2.0
2021,72346,11680,35,39,3.2
2013,104108,3813,31,36,3.0
2012,80104,3004,30,36,2.5
2019,76085,6732,39,45,1.8
2018,73657,7940,41,46,1.5
2017,119063,4687,36,45,2.6
2023,26699,18260,43,49,2.0
2011,240000,2500,34,40,1.9
2021,30339,15760,29,36,3.2
2015,86393,4416,33,41,2.2
2020,81651,10397,36,40,2.8
2025,1000,44670,27,33,3.8
2015,72590,5882,18,26,4.7
2017,138132,5608,38,43,2.2
2017,64971,4781,38,46,2.0
2019,124861,3687,40,46,1.5
2020,58666,9890,44,50,1.6
2009,150840,3162,24,31,4.0
2009,113241,2500,35,40,1.5
2017,100043,5423,41,47,1.7
2019,70942,10509,26,33,4.1
2012,207157,2500,30,36,2.7
2020,55182,10993,41,49,1.8
2020,39320,9295,38,43,1.8
2019,91689,4257,40,45,1.7
2016,117599,3921,38,44,1.2
2024,11064,21997,47,52,1.5
2013,240000,2500,26,32,3.6
2022,44573,15527,38,44,2.2
2014,116613,3762,25,32,3.4
2012,155371,2500,32,37,2.8
2018,75191,3988,42,46,1.3
2015,152697,5130,33,39,2.7
2021,55546,11080,33,42,2.3
2020,80550,7366,39,46,1.6
2017,88454,4990,36,42,2.3
2014,184969,2679,40,44,1.2
2023,28003,16192,46,51,1.3
2012,240000,2500,41,46,1.3
2015,114239,3952,28,34,3.5
2010,234576,2500,22,31,3.7
2018,35495,8252,41,49,1.2
2020,143773,7343,34,42,2.8
2017,134488,3725,37,45,1.8
2014,164222,3056,32,37,2.3
2006,240000,2500,29,36,2.8
2022,21952,17671,37,45,1.6
2021,29885,12554,35,42,2.6
2014,95762,5774,29,37,3.3
2009,240000,2500,35,42,2.5
2012,216742,2500,37,43,1.5
2014,102984,2500,38,45,1.6
2018,69270,7873,29,33,3.5
2007,145108,2723,26,30,3.6
2008,240000,2500,21,28,4.6
2015,202962,2500,35,41,1.9
2020,32037,11223,37,40,1.8
2022,58229,12659,39,45,1.9
2016,99422,3766,39,46,2.0
2019,47657,6702,43,50,1.4
2013,85546,4013,39,45,1.6
2010,240000,2500,34,40,2.1
2019,122388,4991,36,42,2.6
2010,172936,2500,29,37,3.1
2023,29608,27042,26,32,3.9
2015,122534,3537,40,46,1.7
2020,101863,7073,39,42,1.7
2015,158977,2910,30,38,2.4
2011,124455,2500,27,32,2.9
2019,62263,7496,32,39,2.3
2017,140450,2500,36,43,1.9
2011,240000,2500,33,40,2.3
2017,73672,7436,38,44,2.4
2011,240000,2500,31,40,2.9
2022,27406,14848,41,48,2.0
2022,31308,17421,35,40,2.6
2018,88894,5154,33,38,2.6
2020,87417,10165,30,39,3.2
2010,173758,2500,36,43,1.6
2020,56355,9020,37,46,1.9
2021,78333,17303,26,33,3.9
2014,103584,4844,30,34,2.9
2015,192052,2500,43,50,1.6
2014,100485,3995,37,45,1.8
2013,174481,2500,30,37,2.7
2020,60141,12153,34,38,2.5
2022,33150,19846,27,34,3.5
2020,50553,16541,23,29,4.3
2016,76610,4951,41,47,1.9
2017,63319,6524,25,29,3.7
2015,164692,5393,35,42,2.3
2012,109715,2500,40,47,1.4
2015,127783,2500,39,42,1.7
2020,55211,10829,36,41,2.1
2022,41668,14582,40,44,1.6
2023,33228,15918,43,49,1.5
2019,93633,7414,36,41,2.3
2016,90652,3559,34,38,1.7
2015,107116,2711,20,25,3.7
2020,54078,14125,33,40,2.8
2016,70651,4874,39,46,2.0
2017,63748,7034,38,46,1.5
2020,50269,10276,38,45,2.5
2016,139631,2500,36,45,2.2
2024,18185,22673,41,47,1.7
2013,164555,2500,35,41,1.7
2017,101008,4645,39,45,1.3
2017,92584,2500,29,36,2.3
2009,134686,3505,39,44,1.5
2019,57160,9346,36,44,2.1
2012,225140,2500,32,41,2.0
2017,68270,5870,36,41,2.1
2016,92875,4997,27,34,2.8
2016,88096,2972,35,41,2.3
2019,99775,6220,37,44,2.4
2014,56353,2500,36,43,2.0
2008,240000,2500,36,42,1.8
2021,33033,11014,43,48,1.4
2017,59206,3832,40,44,1.4
2018,77116,8365,34,42,2.6
2024,5360,29066,38,45,2.7
2016,58688,2500,34,41,2.5
2015,90427,3242,32,39,2.8
2016,156577,6940,33,38,2.7
2019,67796,5396,36,44,2.0
2019,45014,6828,39,47,1.8
2007,240000,3709,31,36,1.6
2015,72135,3179,35,42,1.5
2019,107441,6975,40,46,1.3
2017,66337,8636,41,50,1.9
2011,240000,2500,31,37,2.6
2018,103887,3485,38,43,1.7
2019,76570,8241,34,41,2.1
2018,41244,6905,38,41,2.1
2016,89471,2674,37,44,2.0
2021,76447,13807,37,40,2.2
2014,168997,4086,37,41,1.9
2014,178369,2799,20,26,3.7
2014,97919,2500,31,36,2.9
2022,42110,14619,41,45,1.7
2011,240000,2500,32,40,1.8
2014,127120,2500,36,43,1.5
2018,67572,7746,30,39,2.4
2011,240000,3397,37,43,1.6
2008,150069,2500,17,22,4.2
2012,132303,3868,27,34,2.9
2015,129566,2500,42,46,1.4
2009,180001,2500,31,36,2.5
2018,103371,8415,36,43,2.3
2017,116391,2500,34,41,2.7
2023,6754,18241,41,47,1.6
2014,88426,2500,32,38,2.5
2013,69548,2986,27,35,2.4
2013,154843,2500,30,37,2.8
2011,169203,4947,41,46,1.6
2010,240000,2500,31,38,2.5
2013,240000,2500,34,41,2.0
2018,148657,4479,36,44,2.7
2016,176889,4263,33,43,2.7
2021,51935,11428,40,48,2.1
2015,152104,2870,37,43,1.8
2014,158514,2586,30,37,3.2
2016,57801,6266,42,51,1.9
2025,1000,26835,37,41,2.0
2016,82368,5035,40,47,1.4
2015,101006,2500,38,46,1.5
2016,70968,5953,27,30,3.2
2020,46777,11180,40,46,1.8
2015,240000,2500,28,32,2.5
2018,97026,6053,32,42,2.5
2016,111775,4802,31,37,2.3
2017,79929,5568,27,34,2.4
2013,153193,2500,24,31,3.4
2017,61634,5145,41,48,1.3
2020,61172,9638,37,42,1.9
2018,81455,6633,35,41,1.9
2016,96106,4099,36,41,1.9
2018,114431,4692,35,40,2.1
2008,240000,2500,35,40,1.7
2011,212230,2500,28,37,3.5
2020,71043,9508,39,48,1.9
2013,136121,2500,39,47,1.6
2018,59683,7174,35,44,2.2
2022,46864,12723,39,44,2.0
2013,57331,2730,23,31,4.2
2017,113900,4841,36,44,2.3
2019,83202,11362,29,37,3.6
2020,32418,13469,31,40,3.2
2021,48776,10976,38,44,1.6
2015,83493,3770,26,32,3.0
2025,12746,25742,40,47,1.5
2017,89650,3480,33,39,2.5
2019,62714,11020,25,30,3.1
2009,167623,2500,37,44,2.3
2018,74065,6048,41,47,1.1
2015,146267,2935,31,40,2.0
2021,43750,10676,45,53,1.4
2016,134424,2500,34,41,2.1
2012,212954,6394,32,40,2.0
2022,46102,12708,40,45,1.8
2016,157194,3695,30,37,1.9
2019,120508,6232,39,43,2.2
2014,80263,2500,37,44,1.6
2024,1825,20504,40,45,1.3
2016,157645,2500,34,40,2.0
2016,127327,3264,26,33,3.3
2015,77568,3398,41,47,1.2
2018,59733,10160,24,31,3.5
2025,1000,29375,44,51,1.6
2017,81207,8122,28,34,2.8
2019,92816,7137,37,44,1.7
2018,191715,2500,35,42,2.4
2011,93508,2500,40,47,1.7
2007,211861,2500,34,38,1.7
2019,57127,10433,36,41,1.8
2012,140096,2966,26,36,3.2
2022,34040,14360,47,54,1.7
2006,206217,2500,29,36,3.0
2007,136766,2500,29,32,2.5
2015,77206,3640,32,35,1.7
2014,148323,2500,33,39,2.2
2014,126905,2500,37,45,1.6
2017,138277,2578,39,47,1.5
2015,155279,2500,26,33,4.2
2011,154610,2500,35,39,1.8
2017,77416,6311,25,28,3.9
2020,110526,9456,36,43,1.8
2014,145367,4573,33,38,2.5
2015,87757,2500,39,46,1.9
2018,84068,6924,35,39,2.3
2025,1000,29694,39,48,2.0
2013,215530,2500,39,48,1.5
2017,165215,2500,31,36,2.6
2020,56426,8749,40,45,1.6
2016,170590,3505,35,43,2.3
2012,140169,3074,31,39,3.0
2017,99708,9328,23,32,3.7
2012,116193,2500,30,33,2.5
2012,191306,2500,39,45,1.7
2019,61237,11086,29,37,3.4
2015,191055,3667,30,36,2.9
2008,221902,2500,34,41,1.5
2013,169132,2500,35,43,2.0
2010,157313,2500,32,39,2.3
2011,186709,2500,31,38,2.7
2017,136639,7255,28,36,3.1
2016,91000,2765,36,42,2.6
2019,58583,11895,29,34,3.6
2020,60431,11368,38,47,2.6
2022,32404,15122,37,43,2.1
2016,122180,3638,36,40,2.5
2017,106589,6260,27,35,4.0
2017,96995,7408,25,30,3.6
2022,47504,17499,38,42,1.9
2019,72539,8107,37,42,2.3
2015,151268,2500,38,44,1.4
2018,106174,7769,26,32,3.7
2020,73056,12177,31,35,3.3
2014,103652,2500,35,41,1.9
2017,149359,4407,29,36,3.6
2010,240000,2500,35,43,1.7
2016,98976,7256,29,39,3.6
2015,61585,7357,32,40,1.9
2023,20304,20223,37,44,2.0
2017,51559,8060,29,33,3.2
2012,129257,2500,40,47,1.6
2014,111795,4808,30,37,2.6
2015,117908,2578,31,37,2.7
2014,142187,5152,29,34,2.8
2012,90908,2500,29,38,3.0
2007,217540,2500,29,34,2.9
2015,100331,4841,36,43,1.8
2017,49836,8661,28,34,3.5
2014,194222,2500,33,40,2.3
2017,86927,5981,34,40,2.2
2015,81903,2895,37,42,1.8
2024,6905,28424,35,43,2.5
2023,33366,13974,38,47,1.7
2025,1000,30189,37,44,2.0
2022,31139,18641,34,40,2.6
2017,137923,3623,40,47,2.0
2016,54887,2500,36,42,1.6
2016,178712,2500,30,36,2.7
2021,84323,9028,35,41,2.3
2018,84102,4465,37,44,2.3
2016,76382,3847,42,49,1.9
2016,125700,4525,29,35,2.7
2014,115998,3645,37,43,2.0
2016,111789,5278,29,31,3.4
2017,137316,3258,40,48,1.4
2009,206498,2500,33,38,2.0
2021,43264,14512,32,39,2.6
2011,240000,2500,36,44,2.0
2014,110020,2500,27,33,3.1
2019,61940,8255,37,44,2.0
2021,7711,11762,39,47,1.5
2013,136035,2500,36,40,1.6
2025,1000,35653,36,43,2.6
2022,39638,15478,36,40,2.0
2013,201219,2500,43,49,1.1
2008,240000,2500,36,43,1.9
2013,163485,2500,32,38,1.9
2022,34114,18468,37,42,2.7
2016,95192,2500,37,42,2.2
2016,88787,5846,40,49,2.1
2017,81173,7059,27,33,3.9
2015,98873,5165,39,49,1.5
2015,110304,3329,23,30,4.3
2025,1000,27787,44,51,1.7
2023,35129,26059,30,39,3.2
2025,1047,31103,35,41,2.2
2018,102562,7015,35,42,1.9
2013,121876,2500,29,35,2.8
2017,168275,3465,37,43,2.1
2018,32452,4201,42,47,1.2
2012,138718,2500,41,49,1.3
2022,23012,13335,39,42,2.1
2021,49295,16597,24,31,4.2
2020,53582,12476,31,39,3.4
2013,81970,2559,30,35,2.6
2019,70335,8740,41,46,1.4
2018,89550,9086,31,38,2.9
2020,40292,16467,22,29,4.7
2016,50780,5313,34,39,2.2
2018,81718,8028,42,50,1.8
2017,120265,2747,41,46,1.6
2016,57130,3766,36,41,1.6
2021,50898,12176,35,41,2.4
2017,72820,4147,40,48,1.5
2011,240000,2500,32,39,2.7
2021,40942,16549,38,46,2.4
2012,114496,2500,28,36,3.1
2025,3417,35391,38,44,2.7
2009,220198,2500,19,26,4.2
2013,195989,2500,23,28,3.4
2011,165801,2500,30,34,2.5
2017,101375,4217,39,47,1.4
2012,105576,2500,36,39,1.9
2012,108838,3167,35,41,2.1
2020,91435,7204,40,44,1.6
2019,48712,8015,38,47,2.0
2018,72140,9938,26,30,4.0
2020,35572,9228,39,45,1.8
2005,149386,2500,31,39,1.9
2017,82103,4464,33,39,2.8
2020,116394,5809,39,45,1.8
2019,55063,6979,37,45,1.7
2011,240000,2500,40,47,1.3
2022,42855,12392,36,42,1.9
2011,214302,2500,36,43,1.5
2015,86370,3630,35,43,2.2
2016,110970,4321,36,42,1.9
2009,240000,2500,32,42,1.7
2020,64208,15405,36,43,2.4
2012,190768,2500,41,46,1.0
2021,36392,15565,36,42,2.5
2015,85161,3673,33,37,2.5
2015,195386,2500,39,47,1.9
2010,165872,2500,30,35,2.6
2018,136497,6261,34,41,2.7
2022,34616,17067,37,45,2.4
2018,120130,5886,37,44,2.0
2017,94712,9985,35,41,2.7
2020,69575,7968,34,41,2.4
2015,91711,4490,42,46,1.5
2013,110684,2500,31,40,2.1
2017,118026,2679,40,46,1.3
2015,119342,2500,39,47,1.5
2018,122993,4354,34,38,1.7
2022,72365,13739,38,47,2.4
2014,143929,2500,41,48,1.8
2018,82389,6129,35,41,2.1
2017,156550,5075,27,35,3.7
2011,240000,2500,34,40,1.7
2015,120591,2500,38,44,1.8
2014,196828,2500,35,41,1.7
2016,72834,7470,15,21,5.0
2023,27771,18743,38,43,2.1
2019,47962,10028,41,46,1.5
2016,119701,2500,36,42,2.0
2015,190118,3687,27,33,3.5
2019,111403,8384,20,25,4.0
2021,46413,10430,44,52,1.8
2017,59831,6952,34,42,2.3
2018,110893,6628,30,37,2.9
2022,47186,13878,38,46,2.4
2019,75104,9365,36,42,2.3
2020,76423,12391,26,33,4.3
2006,240000,2500,35,42,1.7
2014,119808,3824,30,38,2.7
2012,203001,2500,31,38,2.9
2022,22698,18497,34,42,2.6
2021,36232,16309,34,39,2.5
2010,134237,2500,36,41,1.8
2020,63304,9873,37,42,2.3
2017,128469,3903,37,45,1.8
2010,142682,2500,38,45,1.8
2008,209245,2500,31,40,2.8
2013,165776,4374,29,33,2.7
2022,12722,18603,38,44,2.1
2012,130440,2500,36,45,1.9
2010,116964,2500,33,40,2.3
2021,53263,13212,34,43,2.4
2012,188296,2500,26,32,3.7
2022,48668,15636,40,46,1.8
2016,101726,4680,39,46,1.6
2015,186887,2500,31,38,3.0
2017,63343,6245,37,44,2.4
2012,131782,2500,33,38,2.2
2012,174960,2500,37,44,2.4
2014,122256,2803,33,38,2.3
2015,89071,2500,27,34,3.4
2019,77219,4408,35,43,2.6
2013,120828,4458,29,32,2.2
2008,240000,2500,37,43,1.5
2010,137449,2500,28,36,2.5
2013,172198,3778,35,43,1.5
2018,111964,6313,40,45,1.5
2014,167885,3657,35,44,1.7
2020,36586,9991,35,42,2.1
2022,11002,15245,40,48,1.9
2009,133998,2500,21,29,3.1
2018,74484,6985,34,43,2.7
2016,129588,5033,38,44,1.7
2020,66936,13663,29,37,3.2
2016,89579,3909,39,44,1.5
2015,138310,2500,33,39,1.6
2015,68498,5543,36,42,1.7
2008,226998,2500,32,39,1.8
2017,59384,3223,39,43,1.3
2012,159753,3855,24,31,3.4
2018,66969,8236,32,38,2.0
2010,240000,2500,36,43,1.8
2021,25942,14803,31,35,3.3
2014,157790,2500,38,43,1.7
2019,111907,5907,30,36,2.4
2017,140318,4302,33,40,2.4
2015,72251,3302,37,44,2.2
2016,83997,3263,27,36,3.0
2019,60290,9007,30,37,2.9
2011,175032,3194,19,26,4.1
2015,176900,2500,38,45,1.5
2019,97930,9285,23,27,4.1
2016,162353,3375,30,38,2.6
2017,96015,8524,19,26,4.8
2015,21695,6479,34,41,2.2
2012,68807,2528,34,39,2.8
2019,65159,7511,37,45,2.3
2013,150462,2500,37,45,2.1
2018,47532,6609,36,42,1.8
2010,92120,2500,30,35,2.4
2016,113154,3427,40,46,1.9
2025,1000,31638,35,39,2.6
2017,169538,2500,37,44,1.7
2016,50278,5138,36,44,1.9
2014,125119,3907,36,42,1.7
2016,98545,3144,39,47,1.8
2021,34450,8211,43,51,1.0
2010,182355,2500,19,25,3.9
2017,75724,6886,39,46,1.7
2013,145851,5323,29,34,3.6
2023,7875,18334,41,49,1.9
2012,162528,2899,38,46,1.8
2015,73922,6188,24,31,4.1
2018,70486,10341,31,40,2.6
2019,55092,10888,27,34,3.7
2017,129012,5923,33,38,2.4
2025,1000,37730,36,40,2.7
2020,54596,8923,37,42,1.5
2018,52614,11363,36,42,2.0
2021,27462,15025,32,42,3.0
2016,103829,4455,38,43,1.7
2013,178447,2500,34,42,2.1
2014,98833,2500,35,40,2.0
2021,55786,10597,42,46,1.5
2015,79136,6817,26,32,3.4
2017,98387,5965,38,45,1.6
2016,83218,5807,39,46,1.7
2019,108461,6379,37,43,2.4
2013,125690,2755,36,40,2.4
2013,195987,2500,34,41,2.3
2010,236657,2500,29,37,2.2
2016,125587,2500,35,44,2.0
2015,115192,2500,37,42,1.9
2019,36335,9877,42,47,1.6
2013,233277,2500,33,39,2.3
2016,51135,8450,26,33,3.0
2016,121545,4765,25,35,3.0
2013,240000,2697,38,46,2.2
2017,102628,2537,40,46,1.7
2025,1000,36034,37,45,2.4
2016,151840,5326,36,42,2.1
2017,105678,4968,38,44,1.5
2018,50814,11955,23,32,4.5
2017,137433,2500,32,39,2.5
2020,93829,5633,40,48,1.6
2009,193251,2500,31,38,1.7
2017,50097,7173,32,37,2.4
2014,127320,3484,32,38,2.3
2017,116421,2500,37,46,1.8
2017,86092,5316,34,37,2.2
2018,113489,4160,38,44,1.8
2012,223555,2500,26,31,3.0
2011,47606,2500,30,36,2.4
2011,129730,2500,34,40,1.4
2020,88529,9636,40,46,2.2
2019,34825,6615,31,38,2.4
2016,116126,5788,27,34,3.7
2012,130824,2500,28,36,2.8
2025,1000,33910,33,40,2.3
2010,240000,2500,33,41,2.2
2022,36613,15866,30,35,3.3
2012,137118,2500,36,43,1.9
2009,159382,3097,36,43,1.4
2012,172001,2500,31,40,2.5
2017,81275,4772,39,47,2.0
2021,51250,14626,38,42,2.2
2023,17447,23214,38,46,2.8
2021,25402,9941,40,50,1.6
2018,91153,5869,37,46,2.4
2017,58569,3098,40,49,1.3
2018,77354,9281,34,40,2.3
2021,38424,16681,31,37,3.1
2014,133740,2500,43,48,1.6
2012,99171,2500,29,36,3.1
2018,64314,6221,40,45,1.7
2020,50984,8797,35,42,1.8
2020,47474,10750,37,42,1.9
2015,96231,2500,37,43,1.7
2013,131083,2500,31,37,2.6
2011,171520,2796,29,35,2.5
2016,143946,7628,37,44,2.5
2014,108780,2500,39,43,2.0
2018,40936,4520,42,49,1.0
2008,167032,3961,23,29,3.9
2015,119121,3537,40,46,1.3
2014,101534,2500,37,43,1.9
2020,69304,10368,39,45,1.9
2025,1000,28114,41,46,1.4
2011,226244,2661,30,36,2.3
2019,51191,7991,34,42,2.8
2023,36178,24165,35,44,3.1
2020,33266,12226,37,44,2.3
2020,28244,13414,32,38,2.6
2018,91522,9615,38,43,1.7
2014,225719,2500,31,34,2.9
2015,59238,3606,28,35,2.9
2009,218985,2500,40,48,1.8
2020,51010,9926,38,44,2.1
2013,109610,3073,21,30,3.6
2014,223012,2500,36,40,1.9
2018,143761,2500,35,37,1.9
2019,45065,12393,21,27,4.5
2013,215089,2500,40,47,1.7
2019,48845,9447,30,37,3.4
2021,48141,13068,39,42,1.8
2016,97404,6198,20,25,4.0
2016,133198,3327,31,37,2.9
2016,122172,4115,32,40,2.6
2016,115632,2996,33,39,2.5
2023,27887,23562,43,51,2.4
2019,106395,4658,42,51,1.8
2012,168267,2500,22,31,3.4
2020,50668,11685,33,40,2.2
2008,240000,2500,36,46,1.8
2024,9451,23886,43,48,1.9
2013,178274,2812,21,30,3.3
2025,6520,34442,33,40,2.6
2017,64480,5434,37,45,2.0
2012,101391,2500,41,47,1.4
2012,201056,2500,36,43,2.0
2014,183293,3150,33,39,2.6
2019,39694,10877,38,44,2.2
2013,133643,2500,36,44,1.6
2010,137334,2500,28,37,2.4
2015,145862,3424,33,37,2.5
2017,85497,6171,33,39,2.6
2016,142144,3780,39,45,1.9
2013,161830,2500,33,40,2.9
2009,226729,2500,36,42,1.8
2022,23808,17873,43,49,1.7
2016,101470,4317,35,42,2.6
2016,97630,3301,33,40,2.8
2017,32392,5105,40,50,1.2
2010,103823,2500,36,45,1.8
2024,5961,29766,35,45,2.9
2012,132714,2500,32,38,1.7
2015,122159,4171,36,40,1.7
2013,211070,2500,34,40,2.3
2011,176205,2500,33,40,2.7
2017,173839,2500,29,35,2.9
2012,156778,2980,33,39,2.9
2016,90034,3778,33,38,2.7
